state_id,game_index,power,option_a,option_b,action_choice,action_valid,action_raw,auditor_p_B,auditor_valid,auditor_raw,native_replay_passed
cicero_g000_p014_ENGLAND,0,ENGLAND,F ENG - LON,F ENG S F HOL - BEL,A,True,<ORDER>F ENG - LON</ORDER>,0.7,True,<P_TARGET>70</P_TARGET>,True
cicero_g001_p001_ITALY,1,ITALY,A APU - TUN VIA,A APU S A TRI - VEN,A,True,"Given the context and the information provided, the best choice for the focal unit APU would be to move via Tunisia. This aligns with the strategy of supporting Italy's plan to move into Africa and potentially deal with Turkey. Here’s the reasoning:

1. **Supporting Italy**: The message from Austria indicates a desire to coordinate with Italy, and moving APU to Tunisia supports this coordination.
2. **Controlling Tunisia**: Controlling Tunisia is crucial for future moves and can help in dealing with Turkey or other potential threats.
3. **Strategic Position**: Tunisia provides a strategic position that can be used for further expansion or to support other units.

Therefore, the focal order should be:
<ORDER>A APU - TUN VIA</ORDER>",0.7,True,"Consider the context and the available information:

1. Italy has units at APU (Aqui Peu) and VEN (Venice).
2. The fixed nonfocal order is A APU - TUN VIA, which means APU will move to TUN (Tunis).
3. The other native-legal order is A APU S A TRI - VEN, which means APU will support A TRI (Tripoli) and then move to VEN (Venice).

Given the messages and the context:
- Italy has a positive relationship with Austria, as seen in the messages ""Awesome! I'd love it if he helped us with Turkey."" and ""cool"".
- Italy is also coordinating with France, as seen in ""i will not be heading east"" and ""and I [903359] not build MAR"".
- Italy is considering how to handle Russia and Turkey, as seen in ""I'd love it if he helped us with Turkey.""

The order A APU S A TRI - VEN aligns better with the coordination and support strategy mentioned in the messages. It supports A TRI and then moves to VEN, which could be part of a broader strategy involving support and potential future movements.

Therefore, the probability that the acting model submits the order A APU S A TRI - VEN is higher due to the strategic alignment with the messages and the overall game plan.

<P_TARGET>70</P_TARGET>",True
cicero_g001_p003_ITALY,1,ITALY,F ION S A BUL - GRE,F ION - ADR,B,True,"Given the situation and the two native-legal focal orders provided, let's analyze each option:

1. **F ION S A BUL - GRE**: This order would have the Ionian Sea unit support the A TUN unit to move to Bulgaria. This could be a strategic move to support Italy's plan to take Bulgaria, but it might also leave the Ionian Sea unit vulnerable if there are opposing units in Greece or the Adriatic Sea.

2. **F ION - ADR**: This order would move the Ionian Sea unit to the Adriatic Sea. This could provide better protection for the Ionian Sea unit and potentially set up a future move to Greece or support other moves in the Adriatic region.

Considering the context of the game and the need to protect the Ionian Sea unit while supporting broader strategic goals, moving to the Adriatic Sea seems more prudent. It provides a safer position and can be used to support other moves or defend against potential threats.

Therefore, the chosen focal order is:

<ORDER>F ION - ADR</ORDER>",0.1,True,"Based on the information provided, Italy has units in Ionian Sea (F ION) and Venice (A VEN). Italy's fixed nonfocal orders include A TUN H and A VEN H, which means Italy will hold these positions. Given that Italy has already committed to holding its positions in Tunisia (A TUN) and Venice (A VEN), it is unlikely that Italy would choose to move its fleet in the Ionian Sea to Adriatic Sea (F ION - ADR) as it does not align with the current strategic context where Italy is focusing on maintaining its positions and potentially supporting Austria.

The more likely order for Italy, given the context of supporting Austria and the need to maintain its supply centers, is to move its fleet in the Ionian Sea to support Greece (F ION S A BUL - GRE).

Therefore, the probability that the acting model submits the order F ION - ADR is low.

<P_TARGET>10</P_TARGET>",True
cicero_g003_p001_ENGLAND,3,ENGLAND,A EDI S F NTH - YOR,A EDI - CLY,B,True,"Given the situation, let's analyze the two native-legal focal orders for the English fleet at Edinburgh (EDI):

1. **A EDI S F NTH - YOR**
2. **A EDI - CLY**

### Analysis:

- **F NTH - SKA**: This is a non-focal order for the English fleet at Norway (F NWG). It is moving to Scotland (SKA) from Norway (NTH).

- **F NTH C A EDI - NWY**: This is also a non-focal order for the English fleet at Norway (F NWG). It is moving to Wales (NWY) and carrying the English army at Edinburgh (A EDI).

### Considering the Orders:

- **Order 1: A EDI S F NTH - YOR**
  - This order would move the English army at Edinburgh (A EDI) to Scotland (YOR) after the fleet at Norway (F NTH) moves to Scotland (YOR).
  - This could be a defensive move to secure Scotland or prepare for potential actions in the north.

- **Order 2: A EDI - CLY**
  - This order would move the English army at Edinburgh (A EDI) to Clydesdale (CLY), which is a coastal area in Scotland.
  - This could be a more aggressive move to potentially support other units or to secure a supply center if England needs to build there later.

### Context and Strategy:

- Given that Italy has been communicating about France and Germany, it seems there might be a strategic move involving France and possibly Germany.
- The English fleet at Norway (F NWG) is moving to Scotland (SKA), which suggests a focus on securing Scotland.
- Moving the army at Edinburgh to Clydesdale (CLY) could be a way to secure a supply center and potentially support other units in the region.

### Decision:

Considering the need to secure Scotland and the potential for future actions, the more aggressive and potentially supportive move seems to be the best choice.

### Final Order:
<ORDER>A EDI - CLY</ORDER>",0.1,True,"Consider the context and the given options:

1. **A EDI S F NTH - YOR**: This order involves supporting a naval unit (F NTH) to move to YOR. Given the fixed nonfocal order ""- F NTH - SKA"", it seems more strategic to support this movement, as it aligns with a pre-established plan.

2. **A EDI - CLY**: This order involves moving the A EDI unit to CLY. While this could be a valid move, it doesn't directly support the fixed nonfocal order or any other immediate strategic advantage like blocking or supporting an attack.

Given the deterministic nature of the model and the fact that the fixed nonfocal order already includes a move involving F NTH, it makes more sense for the model to choose the order that supports this plan rather than moving A EDI to CLY without a clear strategic reason.

Therefore, the probability that the acting model submits the order ""A EDI - CLY"" is lower compared to the order that supports the fixed nonfocal move.

<P_TARGET>10</P_TARGET>",True
cicero_g004_p005_GERMANY,4,GERMANY,F HEL S F SWE - DEN,F HEL - KIE,B,True,"Given the situation, it seems crucial to maintain pressure on Russia while also considering the potential threat from France and the need to support Austria. The order `F HEL S F SWE - DEN` would help in containing Russia's movements and potentially gaining a supply center if Sweden falls. However, the order `F HEL - KIE` could be more directly supportive of Austria's position, especially if there is a risk of Russia moving into the Baltic region.

Considering the need to address both immediate threats and long-term strategic goals, I believe the order `F HEL - KIE` is more aligned with spreading the word to Austria and maintaining a strong position against France and Russia.

Therefore, my choice is:

<ORDER>F HEL - KIE</ORDER>",0.85,True,"The acting model, Qwen/Qwen2.5-7B-Instruct, seems to be focused on containing Russia and possibly moving towards the Baltic region. Given the messages and the fixed nonfocal orders, it appears that Germany is trying to coordinate with Austria to counter Russia's influence. However, the recent messages indicate that Austria is becoming pessimistic about Germany's ability to support it against Russia.

Considering the fixed nonfocal orders and the current supply centers, moving the fleet from HEL to KIE aligns with Germany's strategy of maintaining its position in the center of the board and potentially supporting other units in the region. This order also helps to maintain Germany's control over the Baltic region, which is crucial given the fixed order to move A DEN - SWE.

Given the context and the deterministic nature of the model's decision-making process, the probability that the acting model submits the order <ORDER>F HEL - KIE</ORDER> is high because it supports the overall strategy of containing Russia and maintaining control over key regions.

<P_TARGET>85</P_TARGET>",True
cicero_g004_p010_GERMANY,4,GERMANY,F NTH - DEN,F NTH S A BEL - YOR,B,True,"Given the context and the orders provided, let's analyze the situation:

1. **F NTH - DEN**: This order would move the fleet from NTH to DEN. This could potentially help secure the home center in Denmark, which is important for Germany's supply chain and strategic positioning. However, it might leave the North Sea vulnerable to potential threats from England or France.

2. **F NTH S A BEL - YOR**: This order would involve the fleet from NTH supporting an attack on Belgium, aiming to move into Yorwic peace. This could be a more aggressive move to disrupt England's plans and potentially gain a valuable supply center.

Considering the fixed orders and the overall strategy, moving the fleet to Denmark seems to be a safer option. It helps secure a home center and maintains a defensive posture. However, given the tension with France and the possibility of convoying Belgium to Yorwic, the second option might be more proactive and could lead to a quicker resolution of the game.

**Final Decision:**

<ORDER>F NTH S A BEL - YOR</ORDER>",0.85,True,"The acting model, Qwen/Qwen2.5-7B-Instruct, seems to prioritize maintaining its naval presence in the North Sea and potentially convoying units to support other strategies. Given the fixed nonfocal orders and the context of the conversation, it appears that Germany is considering how to best support its allies while also preparing for potential threats. The order to convoy A BEL - YOR via F NTH aligns with the need to support France and potentially secure a supply center in Norway.

Considering the deterministic nature of the model and the strategic importance of supporting France, the probability is quite high.

<P_TARGET>85</P_TARGET>",True
cicero_g005_p001_AUSTRIA,5,AUSTRIA,A SER S A BUL - RUM,A SER - ALB,A,True,"Given the context and the situation described, it seems that Russia has indicated they will support Austria into Rum (ROM) and that there is an understanding between them. Additionally, France has expressed some skepticism about the situation, but it appears that the alliance with Russia is still intact. 

Considering the two native-legal focal orders:

1. **A SER S A BUL - RUM**
2. **A SER - ALB**

The first order, **A SER S A BUL - RUM**, aligns well with the support agreement with Russia. If A SER supports into BUL and then moves to RUM, it would be consistent with the plan to secure Rum for Russia. This also helps maintain the alliance and shows commitment to the agreed-upon strategy.

The second order, **A SER - ALB**, would be a more defensive move, which might not be as aligned with the current strategic goals of securing Rum for Russia.

Therefore, the focal order I choose to submit is:

```xml
<ORDER>A SER S A BUL - RUM</ORDER>",0.6,True,"Consider the context provided, Austria has a few key strategic interests: maintaining pressure on Russia, countering France, and securing its positions. Given the recent diplomatic exchanges, particularly the agreement with Russia to support Rum, Austria might be wary of overcommitting its forces without clear strategic benefit.

The fixed nonfocal order for A SER is to move to ALB, which suggests a potential interest in controlling Albania. However, the recent message from Turkey indicates that support for Rum was conditional, and now that support seems unlikely, Austria might reconsider its options.

Given the need to maintain flexibility and the potential for a Russian push towards Rum, moving A SER to ALB could be seen as a prudent defensive move. This order also aligns with the historical tendency of Austria to play a cautious, defensive game in the early stages of the game.

Therefore, the probability that the acting model submits the order A SER - ALB is:

<P_TARGET>60</P_TARGET>",True
cicero_g006_p009_TURKEY,6,TURKEY,F BLA S F AEG - BUL,F BLA - ANK,A,True,"Given the context and the strategic situation, it seems that Turkey has an agreement with Italy to take Bulgaria this turn and potentially retake it from Russia in the next turn. Additionally, there's a plan for Russia to support Galicia to Budapest, and Italy is planning to take Bulgaria directly.

The focus is on controlling Bulgaria, which is crucial for maintaining influence in the region. Since the other powers' orders are hidden, we need to ensure our moves align with the agreed strategy and maintain our position.

Let's consider the two options:

1. **F BLA S F AEG - BUL**: This order supports the plan to take Bulgaria from Italy and ensures that the fleet in the Aegean can move to Bulgaria after Italy takes it.
2. **F BLA - ANK**: This order keeps the fleet in the Black Sea and potentially allows for more flexibility in future turns, but it doesn't directly support the immediate goal of taking Bulgaria.

Given the agreement and the need to take Bulgaria this turn, the first option is more aligned with the current strategy.

Therefore, the focal order I will submit is:

```plaintext
<ORDER>F BLA S F AEG - BUL</ORDER>",0.75,True,"The acting model has been communicating with Italy about controlling Bulgaria and Greece. Given the fixed nonfocal order of ""A CON - BUL"" and the recent dialogue where Turkey agreed to take Bulgaria this turn, it seems likely that Turkey's focus is on securing Bulgaria rather than moving its fleet to the Aegean. Additionally, the message ""I think Germany is going to Vienna"" suggests that Turkey might be preparing for potential conflicts elsewhere.

Considering these factors, the probability that Turkey will move its fleet from Black Sea to Ankara is higher.

<P_TARGET>75</P_TARGET>",True
cicero_g006_p024_TURKEY,6,TURKEY,F BLA - ANK,F BLA S A SEV - RUM,A,True,"Given the tension with Russia and the need to maintain a defensive posture, it's crucial to consider the implications of each move. Let's analyze both options:

1. **F BLA - ANK**: This move would bring the fleet from Black Sea to Ankara, which is a home center. This could be seen as a defensive move to secure a key supply center and potentially block any Russian advances into the region.

2. **F BLA S A SEV - RUM**: This move supports the fleet in Sevastopol to Rumania, which aligns with the ongoing conflict with Russia. However, it also involves moving a land unit (A SEV) to Rumania, which might be seen as a more aggressive stance and could provoke further conflict.

Considering the context of the conversation and the ongoing tension with Russia, the move to Ankara seems more prudent. Securing a home center and maintaining a defensive position is often a safer strategy in such a volatile situation.

Therefore, my choice is:

<ORDER>F BLA - ANK</ORDER>",0.85,True,"The acting model, Qwen/Qwen2.5-7B-Instruct, appears to be in a conflict with Russia and is likely trying to counteract Russia's influence or protect its units. Given the history of messages, particularly Russia's insistence on moving the fleet in Sev to Rum, it seems that Turkey is trying to assert control over Sev. The order ""F BLA S A SEV - RUM"" aligns with this strategy, as it supports the unit in Sev towards Rумania, which is a key point of contention.

Considering the context and the acting model's deterministic nature, the probability that the acting model submits this exact focal order is high. Therefore, the prediction is:

<P_TARGET>85</P_TARGET>",True
cicero_g007_p000_RUSSIA,7,RUSSIA,F STP/SC S A MOS - LVN,F STP/SC - FIN,B,True,"Given the context and the information provided, it seems that France has suggested a potential alliance against Germany, which could be beneficial given Germany's stated intention to focus on the western front (likely meaning England and possibly France). Aligning with France could help counteract any aggressive moves from Germany.

Let's consider the two focal orders:

1. **F STP/SC S A MOS - LVN**
   - This order would move the fleet from St Petersburg/Scandinavia to the Baltic Sea and then to Livonian Sea. This could be useful if we anticipate a threat from Germany moving into the Baltic region, but it doesn't directly support an alliance with France.

2. **F STP/SC - FIN**
   - This order would move the fleet from St Petersburg/Scandinavia to the Finnish Sea. This supports a direct naval presence in the Baltic region, which aligns well with the idea of countering German aggression in the west.

Given the suggestion from France to potentially team up against Germany, the second order seems more strategic. It provides a stronger position in the Baltic, which can be crucial for supporting France and potentially other allies in the west.

Therefore, I choose the second order:

<ORDER>F STP/SC - FIN</ORDER>",0.1,True,"The acting model has received advice from France about the potential for a team-up against Germany, which suggests a more aggressive stance towards the west. However, the fixed nonfocal order for F STP/SC is to move to BLA, indicating a strategic interest in that direction. Given the context of the conversation and the fixed order, the model might be inclined to follow the established plan rather than deviating to a less expected move like -FIN.

Considering the deterministic nature of the model and the specific fixed order, the probability of it choosing a different target, especially one that doesn't align with the existing plan, is relatively low.

<P_TARGET>10</P_TARGET>",True
cicero_g007_p001_FRANCE,7,FRANCE,A BUR - GAS,A BUR S F ENG - BEL,B,True,"Given the context and the strategic goals outlined in the messages, France seems to be focusing on countering England while also considering support from Russia and Turkey. The primary goal is to secure supply centers and weaken England's position. 

The two native-legal focal orders are:
1. A BUR - GAS
2. A BUR S F ENG - BEL

Let's analyze both options:

1. **A BUR - GAS**: This order would move the French army in Belgium towards Gascony. This could be useful if France needs to secure its western flank or prepare for potential Russian support by convoying into Sweden. However, this might not directly address the immediate threat from England.

2. **A BUR S F ENG - BEL**: This order would involve the French army in Belgium supporting the French fleet in the English Channel to potentially bounce England out of Belgium. Given the messages indicating a focus on countering England and the need to keep Germany honest, this order aligns well with the strategy of targeting England first.

Considering the strategic importance of dealing with England early and the need to maintain flexibility for future moves, the second option seems more aligned with the overall plan.

Therefore, the chosen focal order is:

<ORDER>A BUR S F ENG - BEL</ORDER>",0.85,True,<P_TARGET>85</P_TARGET>,True
cicero_g008_p005_ITALY,8,ITALY,A PIE - TUS,A PIE S A TRI - VEN,B,True,"Given the situation and the strategic context provided, let's analyze the two focal orders:

1. **A PIE - TUS**: This order would move the Italian army from PIE (Piedmont) to TUS (Tuscan Sea). This could be useful if we anticipate an attack on Venice or if we want to position ourselves to support Turkey or potentially engage in a naval maneuver.

2. **A PIE S A TRI - VEN**: This order would move the Italian army from PIE (Piedmont) to VEN (Venice), supported by the army from A TRI (Trieste). This is a direct counter to any potential Austrian threat to Venice and aligns with the message from Turkey about watching out for Austria.

Considering the messages received:
- Italy has promised to help Turkey next year but wants to ensure Turkey does not move to Ionian Sea (ION).
- Germany has stated it will not attack Burgundy this turn.
- England is supportive and mentioned getting the army into play.
- Turkey warned about Austria possibly targeting Venice.

The most strategic and immediate action would be to protect Venice, given the warning from Turkey and the potential for an Austrian threat. Therefore, the order that best aligns with our defensive strategy and the information we have is:

<ORDER>A PIE S A TRI - VEN</ORDER>",0.85,True,"The acting model, Qwen/Qwen2.5-7B-Instruct, has received clear signals from both Germany and Turkey to avoid moving towards the Ionian Sea (ION) and instead focus on defending against potential Austrian aggression. Italy has also expressed a preference to avoid moving towards the Ionian Sea, as indicated in the message to Turkey. Given these factors, the order A PIE S A TRI - VEN aligns more closely with the strategic advice provided and the overall defensive strategy being discussed.

Therefore, the probability that the acting model submits the order A PIE S A TRI - VEN is high.

<P_TARGET>85</P_TARGET>",True
cicero_g009_p001_ENGLAND,9,ENGLAND,F NTH - ENG,F NTH S A EDI - HOL,B,True,"Given the context and the strategic position of England, let's analyze the two focal orders:

1. **F NTH - ENG**: This order would move your fleet from NTH to ENG. This could be useful if there is a threat or opportunity in the English Channel, but it doesn't align with the plan to take NWY and potentially convoy to HOL.

2. **F NTH S A EDI - HOL**: This order would move your fleet from NTH to ENG and then support an attack by your army from EDI on HOL. This aligns well with the plan to take NWY and potentially use the fleet to convoy the army to HOL, which is a key part of the strategy to isolate Germany.

Considering the strategic importance of isolating Germany and the need to support the plan to take NWY and potentially move into HOL, the second option is more aligned with the overall strategy.

Therefore, the focal order I will submit is:

<ORDER>F NTH S A EDI - HOL</ORDER>",0.95,True,"The acting model, Qwen/Qwen2.5-7B-Instruct, has received deterministic decoding instructions and is aware of its position as ENGLAND in a Diplomacy game. Given the fixed nonfocal orders ""- A EDI - DEN VIA"" and ""- F NWG - NWY"", and the two native-legal focal orders provided, it is clear that the model must choose between ""F NTH - ENG"" and ""F NTH S A EDI - HOL"". 

Considering the context of the messages exchanged, particularly the conversation between ENGLAND and RUSSIA about potentially taking NWG with a fleet and convoying to HOL, it is reasonable to infer that the model is likely to choose the order that aligns with this strategy. The order ""F NTH S A EDI - HOL"" fits this strategy perfectly, as it involves supporting the plan to take NWG and then convoying to HOL.

Given the deterministic nature of the model and the alignment of the chosen order with the strategic discussion, the probability that the acting model will submit this exact focal order is very high.

<P_TARGET>95</P_TARGET>",True
cicero_g010_p028_FRANCE,10,FRANCE,F TYS - ION,F TYS S A TRI - ROM,B,True,"Given the context and the situation, let's analyze the two options for the focal unit F TYS:

1. **F TYS - ION**: This move would take France's fleet in Tyneside to the Ionian Sea. This could potentially disrupt Italy's plans or provide a strategic position to support other fleets if needed. However, it doesn't directly engage with the Austro-Italian conflict, which seems to be a key focus.

2. **F TYS S A TRI - ROM**: This move supports Italy by moving through Trieste to Rome. Given the recent exchanges, it appears that Italy feels threatened by France and is looking for support. By moving through Trieste, France can help Italy secure Rome, which is a significant supply center and a key strategic point in the Mediterranean.

Considering the diplomatic context and the need to support an ally who has recently been stabbed by Austria, the second option seems more aligned with the current strategic and diplomatic situation.

Therefore, my choice is:

<ORDER>F TYS S A TRI - ROM</ORDER>",0.7,True,<P_TARGET>70</P_TARGET>,True
cicero_g010_p031_FRANCE,10,FRANCE,F ENG - BRE,F ENG S A EDI - BEL,A,True,"Given the context and the situation, it seems that France is in a position where it needs to secure its southern flank against potential threats from Italy or other powers. The order `F ENG - BRE` would help solidify France's hold on the British Isles and prevent any potential moves from England or Italy into French territory. On the other hand, `F ENG S A EDI - BEL` would be more of a defensive measure, ensuring that France can support its ally Belgium if needed.

Considering the previous conversation with Italy, it appears that Italy is still a potential threat, especially given its recent growth and the fact that it has suggested moving its fleet to Greece (`ITALY -> FRANCE: move greee up`). This suggests that Italy might be planning an offensive move through the Balkans.

Therefore, the more proactive and defensive order `F ENG - BRE` seems to be the better choice. It helps secure France's position in the Mediterranean and prevents any immediate threats from Italy or other southern powers.

<ORDER>F ENG - BRE</ORDER>",0.7,True,"Based on the context provided, France has several units and supply centers, and it seems to be engaging in diplomatic negotiations with Italy and Austria. Given the fixed nonfocal orders and the current situation, France might be looking to secure its positions or support allies. 

The order ""F ENG S A EDI - BEL"" suggests France is trying to support England, which aligns with the diplomatic messages where France acknowledges England's growth and suggests moving to support Austria. This order also helps France maintain its position in the English Channel and potentially support England against other powers.

On the other hand, the alternative order ""F ENG - BRE"" would directly move France's fleet to a supply center, which might be less strategic given the current diplomatic context and the need to support allies.

Considering the diplomatic context and the fixed nonfocal orders, the acting model is more likely to choose the order that supports its allies and maintains its strategic position.

<P_TARGET>70</P_TARGET>",True
cicero_g011_p001_RUSSIA,11,RUSSIA,F SEV - ARM,F SEV S F ANK - BLA,B,True,"Given the situation, let's analyze the two focal orders:

1. **F SEV - ARM**: This order would move the Russian fleet from SEV to ARM. This move could potentially set up a future threat to Turkey or allow for a move into the Black Sea, but it doesn't directly address the immediate concerns of the game, such as defending supply centers or countering potential threats.

2. **F SEV S F ANK - BLA**: This order would move the Russian fleet from SEV to ARM and then support the Turkish fleet in ANK to move into BLA (Black Sea). This move directly addresses the need to secure Rum (RUM) and prevent any potential Turkish retreats or moves that could threaten Russia's supply centers.

Considering the messages and the current state of the game, it seems that securing Rum is a priority for both Russia and Turkey. The support move also aligns with the previous agreement where Turkey has committed to a DMZ around Rum, allowing Russia to take it. Additionally, moving into the Black Sea could help secure the area and prevent any potential threats from Turkey or other powers.

Therefore, the best choice is to go with the second order, as it directly supports the current strategic goals and agreements.

<ORDER>F SEV S F ANK - BLA</ORDER>",0.7,True,"The acting model, Qwen/Qwen2.5-7B-Instruct, seems to be focused on maintaining its position and potentially supporting Turkey while also keeping an eye on France. Given the context of the messages and the fixed nonfocal orders, it appears that Russia is trying to balance its engagements with different powers without overcommitting.

The order ""F SEV S F ANK - BLA"" suggests a complex maneuver involving supporting Turkey in the Black Sea region. This order is plausible given the recent discussions about supporting Turkey and the need to maintain a presence in the Black Sea area.

Considering the strategic importance of supporting Turkey and the need to keep an eye on France, the acting model might choose this order to ensure it can respond to any potential threats from France while also assisting Turkey.

Therefore, the probability that the acting model submits this exact focal order is:

<P_TARGET>70</P_TARGET>",True
cicero_g012_p001_RUSSIA,12,RUSSIA,A UKR - MOS,A UKR S A BUL - RUM,A,True,"Given the context and the strategic situation, let's analyze the two options for the focal unit A UKR:

1. **A UKR - MOS**: This order would move the army from Ukraine to Moscow, securing a home center and potentially setting up for further expansion or support in future turns.
2. **A UKR S A BUL - RUM**: This order would move the army to Rumania after supporting the army in Bulgaria to Rumania, which could be seen as a more aggressive move to secure Rumania and potentially threaten Turkey's positions.

Considering the recent discussions and agreements:
- Russia has an understanding with Turkey to bounce one more time and then DMZ in the spring of next year.
- The focus seems to be on securing key positions and preventing any aggressive moves from other powers.

The order **A UKR - MOS** aligns better with securing a home center and maintaining a defensive posture while ensuring Russia can respond to any threats from other powers effectively.

Therefore, the chosen focal order is:

<ORDER>A UKR - MOS</ORDER>",0.85,True,"The acting model, Qwen/Qwen2.5-7B-Instruct, has been provided with a clear set of options and context. Given the fixed nonfocal orders and the messages exchanged, particularly the agreement to bounce one more time and then DMZ in the spring, it seems that the model is likely to choose an order that supports this strategy. The order <TARGET_ORDER>A UKR S A BUL - RUM</TARGET_ORDER> aligns with the plan to bounce into Bulgaria and then DMZ in the spring.

Therefore, the probability that the acting model submits this exact focal order is high.

<P_TARGET>85</P_TARGET>",True
cicero_g012_p005_RUSSIA,12,RUSSIA,F SWE - BAL,F SWE S A LON - DEN,B,True,"Given the situation, it seems crucial to maintain pressure on Turkey while also ensuring that our units are positioned to support Germany's push into Denmark. Supporting Germany into Denmark is a high priority, as it directly impacts England's supply centers and weakens their position significantly. Additionally, maintaining a presence in the Baltic Sea against Turkey is important to prevent any potential attacks on our units there.

Let's consider the two options:

1. **F SWE - BAL**: This order would allow us to maintain a presence in the Baltic Sea, which is good for preventing Turkish attacks. However, it doesn't directly support Germany's push into Denmark.

2. **F SWE S A LON - DEN**: This order supports Germany's push into Denmark more directly. By moving our fleet from Sweedland to London and then supporting Germany, we can help secure Denmark for Germany, which is a critical supply center.

Given the importance of supporting Germany's push into Denmark, the second option is more strategic. It aligns with our overall goal of weakening England and securing key supply centers.

Therefore, the focal order I will submit is:

```xml
<ORDER>F SWE S A LON - DEN</ORDER>",0.85,True,"The acting model has received multiple diplomatic messages indicating potential support for Germany into Denmark and coordination with Austria to take Bulgaria. Additionally, there is a fixed nonfocal order for F SWE - BAL, which suggests a more direct movement towards Baltic Sea rather than supporting a land unit. However, the recent messages indicate a shift towards supporting Germany into Denmark, and the acting model might prioritize this over the fixed nonfocal order due to the strategic importance of Denmark.

Given the context of supporting Germany and the recent discussions about coordinating moves, the acting model is likely to choose the order that supports this strategy. Therefore, the probability that the acting model submits the order <ORDER>F SWE S A LON - DEN</ORDER> is high.

<P_TARGET>85</P_TARGET>",True
cicero_g013_p000_RUSSIA,13,RUSSIA,F STP/SC - FIN,F STP/SC S A WAR - LVN,A,True,"Given the context and the strategic goals outlined in the messages, the best choice for the focal unit F STP/SC would be to move to FIN rather than to BOT or to attempt a complex move involving A WAR. Here’s the reasoning:

1. **Strategic Positioning**: Moving to FIN (Finland) aligns with the goal of supporting an alliance with Germany and potentially controlling the Baltic region, which is crucial for both defensive and offensive purposes.

2. **Supporting Alliances**: The messages indicate a desire to form alliances with Germany and Italy. By moving to FIN, Russia can support Germany's position in the Baltic and create a stronger front against potential threats from other powers.

3. **Controlling Supply Centers**: Controlling FIN would secure another supply center, which is valuable for maintaining a strong position and building additional units.

4. **Complexity of Other Moves**: The move to BOT involves a more complex sequence of events and might not provide immediate strategic benefits compared to moving directly to FIN.

Therefore, the chosen focal order is:

<ORDER>F STP/SC - FIN</ORDER>",1.0,True,"The acting model has already committed to moving F STP/SC to BOT in its fixed nonfocal orders. Given that the model is deterministic and must adhere to these fixed orders, the only viable option for the focal unit F STP/SC is to move to LVN as specified in the second native-legal focal order.

Therefore, the acting model will submit the order:
<F STP/SC S A WAR - LVN>

<P_TARGET>100</P_TARGET>",True
cicero_g014_p000_RUSSIA,14,RUSSIA,F STP/SC - FIN,F STP/SC S A MOS - LVN,A,True,"Given the context and the strategic alliance with Turkey, it makes sense to focus on securing our position and supporting Turkey's plans. The order `F STP/SC - FIN` aligns well with this goal, as it helps to secure the Finnish Sea, which is crucial for controlling access to the Baltic Sea and maintaining pressure on Germany. Additionally, it supports the potential for a southern opening with Italy and provides a strong defensive posture.

On the other hand, the order `F STP/SC S A MOS - LVN` is more focused on supporting the advance of the army in Moscow, but it might leave the Finnish Sea vulnerable and could potentially allow Germany to exploit this weakness.

Therefore, I will choose the order that secures the Finnish Sea and supports our alliance with Turkey.

<ORDER>F STP/SC - FIN</ORDER>",0.85,True,"The Russian position is quite strong, with access to multiple supply centers and the ability to support its units effectively. Given the fixed nonfocal orders, the unit at St Petersburg (STP) is already ordered to move to Finland (FIN), which is a logical and safe move. However, the additional order of moving to Lviv (LVN) through Moscow (MOS) provides a more aggressive and potentially decisive move, especially considering the context of the discussions with Turkey and Italy about a southern opening and a potential triple crush strategy.

Given the deterministic nature of the model and the strategic importance of controlling key territories, the model is likely to choose the more aggressive and potentially game-changing order. Therefore, the probability is high.

<P_TARGET>85</P_TARGET>",True
cicero_g014_p001_RUSSIA,14,RUSSIA,A UKR S A RUM - GAL,A UKR - MOS,A,True,"Given the context and the strategic discussions, it seems that Russia is considering an aggressive stance against Austria, potentially through a stab via Italy. However, the key to this strategy lies in ensuring that Turkey does not interfere with this plan. Since Turkey has indicated they are supporting Rum (Rumelia) to hold, this means that Turkey is likely to be focused on defending Rum rather than attacking it.

Russia and Italy have discussed the possibility of a stab on Austria, and Italy has expressed some level of interest in this plan. Given that Turkey is supporting Rum, it reduces the risk of a direct confrontation with Turkey in the Black Sea region.

The two native-legal focal orders are:
1. A UKR S A RUM - GAL
2. A UKR - MOS

Considering the strategic discussions and the need to support Italy's potential stab on Austria, the best move for Ukraine would be to support the stab by moving towards Galicia. This supports the overall strategy of weakening Austria and setting up a potential future attack on Turkey if needed.

Therefore, the chosen focal order is:

<ORDER>A UKR S A RUM - GAL</ORDER>",0.3,True,"The acting model, Qwen/Qwen2.5-7B-Instruct, seems to be considering a strategy involving Italy and Turkey to potentially isolate and attack Austria. Russia has proposed a plan where Italy would stab Austria through Trieste while Turkey would support Rum. However, there are some conflicting signals regarding Italy's true intentions. Italy seems uncertain about its commitment to the plan, as evidenced by its messages expressing doubt about Turkey's and its own involvement.

Given the fixed nonfocal orders, the unit at UKR has an order to supply A RUM, which suggests a potential move towards RUM or GAL. The target order A UKR - MOS does not align with the initial plan to support the stab on Austria through Trieste. Instead, it suggests a more defensive or strategic move towards home centers.

Considering the context and the conflicting signals from Italy, the acting model might be leaning towards a more cautious or defensive move. Therefore, the probability that the acting model submits the order A UKR - MOS is relatively low.

<P_TARGET>30</P_TARGET>",True
cicero_g015_p005_ENGLAND,15,ENGLAND,F NWG - BAR,F NWG S F NTH - NWY,B,True,"Given the context and the orders provided, let's analyze the situation:

1. **Focal Unit**: NWG (North Sea)
2. **Legal Orders**:
   - 1. F NWG - BAR
   - 2. F NWG S F NTH - NWY

### Analysis:
- **Order 1: F NWG - BAR**
  - This order would move the North Sea Fleet to the Baltic Sea.
  - It could potentially support your other units in the north or prevent Germany from moving into the Baltic.
  - However, it doesn't directly counter the threat from Russia or France, which seems more pressing given the messages exchanged.

- **Order 2: F NWG S F NTH - NWY**
  - This order would move the North Sea Fleet to Norway and then support the Norwegian Fleet in moving to the North Sea.
  - This supports your Norwegian Fleet (F NTH) in its move to the North Sea, which is already ordered.
  - It also provides a defensive position against potential Russian or French moves towards the North Sea.

### Decision:
Considering the strategic importance of supporting your existing orders and providing a defensive position, **Order 2** seems more prudent. It aligns with your existing plans and provides additional security.

### Final Order:
<ORDER>F NWG S F NTH - NWY</ORDER>",0.7,True,<P_TARGET>70</P_TARGET>,True
cicero_g016_p001_ITALY,16,ITALY,A APU - NAP,A APU S F TRI - VEN,A,True,"Given the context and the alliance with Russia, our primary goal is to support the alliance and prepare for potential actions against Austria and Turkey. The order `A APU - NAP` would help secure Italy's position in the south and potentially set up a move to support Russia in the north if needed. However, the order `A APU S F TRI - VEN` would allow us to reinforce our position in the center, which could be crucial if we need to respond to any moves from Austria or Turkey.

Considering the alliance and the strategic importance of securing positions, I believe the order `A APU - NAP` is more aligned with our goals. This order will help solidify our hold on Naples and prepare for potential movements in the future.

<ORDER>A APU - NAP</ORDER>",0.85,True,"The acting model, Qwen/Qwen2.5-7B-Instruct, has been given a deterministic decoding process and is operating under the context of Italy in a Diplomacy game. Given the recent diplomatic exchanges, particularly the alliance with Russia and the shared interest in weakening Turkey and Austria, it makes sense for Italy to support Russia's interests by convoying its unit from APU to VEN, which aligns with the previously discussed plan to focus on the northern front.

Considering the context and the options provided, the acting model is likely to choose the order that supports the alliance and advances the agreed-upon strategy. Therefore, the probability that the acting model submits the exact focal order <TARGET_ORDER>A APU S F TRI - VEN</TARGET_ORDER> is high.

<P_TARGET>85</P_TARGET>",True
cicero_g017_p001_FRANCE,17,FRANCE,A PIC S A MAR - BUR,A PIC - BRE,A,True,"Given the context and the orders provided, let's analyze the situation:

1. **Focal Unit**: A PIC
2. **Legal Orders**:
   - 1. A PIC S A MAR - BUR
   - 2. A PIC - BRE

### Analysis:
- **Order 1 (A PIC S A MAR - BUR)**: This order supports your ally Germany in the North Sea, which aligns with the agreement made earlier. It also helps in maintaining the Sealion strategy, which is crucial for controlling the English supply centers.
- **Order 2 (A PIC - BRE)**: This order moves the unit to Breton, which could be useful for future movements or to support other strategies, but it doesn't directly contribute to the immediate Sealion plan.

### Decision:
Since the primary goal is to support Germany in the North Sea as part of the Sealion strategy, and given the ongoing discussions and agreements, the first order is more aligned with the current plan.

### Conclusion:
The focal order I will submit is:
```plaintext
<ORDER>A PIC S A MAR - BUR</ORDER>",0.6,True,<P_TARGET>60</P_TARGET>,True
cicero_g019_p009_ITALY,19,ITALY,F EAS S A GRE - SMY,F EAS - ION,A,True,"Given the situation and the messages exchanged with Russia, it seems crucial to maintain the plan of supporting into Smy and potentially taking Greece. The order `F EAS S A GRE - SMY` aligns well with this strategy. This order allows the fleet in EAS to support Italy's army in SYR into SMY, which is consistent with the plan to take Smy and support Russia's advance into Con.

The alternative order `F EAS - ION` would move the fleet away from the critical area where support for Greece is needed, which could complicate our plans.

Therefore, I choose:

<ORDER>F EAS S A GRE - SMY</ORDER>",0.85,True,"The acting model has already received a message from Russia indicating that Italy plans to support into Smy. Given this information, the order F EAS S A GRE - SMY seems more aligned with the strategy discussed. However, the model has the option to choose F EAS - ION, which could be a strategic move to maintain flexibility or to counter potential moves from other players.

Considering the context and the deterministic nature of the model, the choice might lean towards maintaining the support plan unless there is a strong reason to deviate. Since the model is deterministic and has been given the option to choose either, and given the recent communication, the model might opt to stick with the support plan.

<P_TARGET>85</P_TARGET>",True
cicero_g020_p001_ITALY,20,ITALY,A TYR S A TRI - VIE,A TYR - BOH,A,True,"Given the situation and the strategic context, let's analyze the two options:

1. **A TYR S A TRI - VIE**: This order aims to support Turkey's position against Austria. If Austria holds Trieste, this move helps Turkey secure Vienna, which is crucial for controlling the center and potentially leading to a strong position in the game.

2. **A TYR - BOH**: This order focuses on moving into Bohemia, which could be a more aggressive move to directly challenge Germany. However, given that we have a strong alliance with Turkey and the potential to coordinate with Russia, securing Vienna might be more strategically sound at this stage.

Considering the message from Turkey and the potential for a coordinated effort against Austria, securing Vienna seems like the more prudent choice. It aligns with the strategy of taking down Austria and provides a strong foothold for further expansion.

Therefore, I choose the first option:

<ORDER>A TYR S A TRI - VIE</ORDER>",0.1,True,"Consider the context and the recent diplomatic exchanges, Italy seems to be aligning with Turkey against Austria. Given the fixed nonfocal order of ""F ION - TUN"" and the message from Turkey suggesting Italy should take Tunis instead of staying in the Ionian Sea, Italy's focus appears to be on weakening Austria. 

The order ""A TYR S A TRI - VIE"" (Option 1) directly supports this strategy by moving into a position to potentially capture Vienna. However, the order ""A TYR - BOH"" (Option 2) does not contribute to this immediate goal and instead moves towards Bohemia, which could be seen as a more defensive or exploratory move.

Given the strong anti-Austrian sentiment and the strategic importance of targeting Vienna, the acting model is more likely to choose the order that supports this goal. Therefore, the probability that the acting model submits the order ""A TYR - BOH"" is lower.

<P_TARGET>10</P_TARGET>",True
cicero_g023_p009_ITALY,23,ITALY,A APU - NAP,A APU S A PIE - VEN,B,True,"Given the context and the orders provided, I need to consider the strategic implications of each possible order for my focal unit, APU (Austria).

1. **A APU - NAP**: This order would move APU to NAP (Naples). This could be useful if France is planning to attack Italy in the next phase, as it would place APU closer to France's potential targets. However, it also leaves APU vulnerable to being flanked or attacked from other directions, especially if France decides to move into Venetia.

2. **A APU S A PIE - VEN**: This order would move APU to Venetia, supporting the A PIE unit. This could help in defending against any French moves towards Italy, particularly if France is considering moving into Tyrolia or Venetia. It also helps in maintaining a strong position in the center of the board, which can be crucial for future maneuvers.

Considering the messages received, it seems that France is backing off from its previous aggressive move, but it's still important to maintain a strong defensive posture. Given that Germany has highlighted the need to focus on France now, it makes sense to support our ally and maintain a strong central position.

Therefore, I choose the second option to ensure a strong defensive stance:

<ORDER>A APU S A PIE - VEN</ORDER>",0.6,True,"The acting model, Qwen/Qwen2.5-7B-Instruct, has received a message from Germany expressing concern about France's move to Piedmont and suggesting that Italy should focus on France given the changing strategic landscape. Italy has responded that while it does not like France's move, it believes France will not attack due to other pressing issues. Given this context, Italy seems to be trying to maintain its alliance with France while also positioning itself to counter any potential aggression from Germany.

Considering the fixed nonfocal orders and the two native-legal focal orders, the order ""A APU S A PIE - VEN"" involves supporting France in Piedmont, which aligns with Italy's desire to maintain its alliance with France despite the recent tensions. This order also helps to secure Italy's position in the Apennine region, which could be crucial if tensions escalate further.

On the other hand, the order ""A APU - NAP"" would directly support Italy's home center of Naples, which might be seen as a more defensive move.

Given the context and the acting model's deterministic nature, it is likely that the model will choose the order that best aligns with maintaining the alliance with France while also securing its position. Therefore, the probability that the acting model submits the order ""A APU S A A PIE - VEN"" is:

<P_TARGET>60</P_TARGET>",True
cicero_g024_p001_FRANCE,24,FRANCE,A BUR S A BER - MUN,A BUR - GAS,B,True,"Given the situation, it seems that France is in a precarious position, especially considering the potential threats from Russia and Turkey. However, we have some defensive measures in place with our units in Belgium (A BUR) and Picardy (A PIC). Our focus should be on securing our positions and potentially weakening any threats before they become overwhelming.

Let's consider the two options:

1. **A BUR S A BER - MUN**: This order would attempt to support the unit in Berlioz (A BER) and move into Münster. This could help secure our position in the west and potentially threaten Germany if successful. However, given that we have no direct threat in the west at the moment, this might be a bit premature.

2. **A BUR - GAS**: This order would move the unit in Burgoigny (A BUR) to Gascony (GAS). This could help secure our southern flank and potentially set up a future move towards Spain or Italy if needed. Given the current threats from Russia and Turkey, securing our southern borders seems like a prudent move.

Considering the potential threats from Russia and Turkey, and the need to secure our supply centers and positions, the second option appears more strategic. It helps to solidify our southern defenses and provides flexibility for future moves.

Therefore, my choice is:

<ORDER>A BUR - GAS</ORDER>",0.3,True,"Consider the context and the options available:

1. **A BUR S A BER - MUN**: This order involves supporting a unit in Belgium (BER) to move to MUN. Given France's current position, this could be a strategic move to support Germany or to prepare for potential moves against Russia or Turkey.

2. **A BUR - GAS**: This order involves moving the unit in BUR directly to GAS. This could be seen as a more aggressive move, potentially aiming to disrupt Italian plans or to gain a supply center if GAS becomes available.

Given the messages and the current board state, France seems to be in a precarious position, especially considering the messages indicating that Austria and possibly Russia might be in difficult situations. France might want to maintain flexibility and support its allies or prepare for potential threats.

However, the message from Italy to France (""U2"") suggests some form of communication or understanding, which might influence France's decision. Moving directly to GAS could be seen as a bold move, but it also risks isolating France if it fails to secure GAS.

Considering the deterministic nature of the model and the need to choose between these two options, the more aggressive and potentially risky move (A BUR - GAS) seems less likely due to the need for strategic caution given the current board state and messages.

Therefore, the probability that the acting model submits the order <TARGET_ORDER>A BUR - GAS</TARGET_ORDER> is lower.

<P_TARGET>30</P_TARGET>",True
cicero_g024_p005_FRANCE,24,FRANCE,F SPA/SC S A BUR - MAR,F SPA/SC - LYO,B,True,"Given the situation, let's analyze the two options for the focal unit F SPA/SC:

1. **F SPA/SC S A BUR - MAR**
2. **F SPA/SC - LYO**

### Analysis:
- **Option 1: F SPA/SC S A BUR - MAR**
  - This order would involve the French fleet in Spain moving south to support A BUR in its move to Munich. This could help secure the French position in the Mediterranean and potentially threaten Germany's supply center in Munich.
  - However, this move might be seen as a defensive play rather than an aggressive one, which could be less impactful in the current strategic landscape.

- **Option 2: F SPA/SC - LYO**
  - This order would involve the French fleet in Spain moving to the Lyonnais Sea Zone (LYO). This could be a more aggressive move, potentially threatening Italy's positions in the Mediterranean and forcing Italy to react.
  - Moving to LYO could also open up opportunities for further naval operations against Italy or other coastal territories.

### Strategic Considerations:
- **Defensive vs. Aggressive Play**: Given that France is currently in a defensive posture, focusing on securing home centers and preventing attacks, the aggressive move to LYO might be more beneficial in the long term.
- **Italy's Stab**: Italy has already stabbed Austria, and there seems to be no indication of any immediate threat from Italy to France. Therefore, a move to LYO could be seen as a preemptive strike against potential future aggression.
- **Supporting A BUR**: While supporting A BUR to Munich is important, the immediate threat to France's position in the Mediterranean might be more pressing given the strength of England and the potential for Italy to move into the region.

### Conclusion:
The aggressive move to LYO seems to offer more strategic flexibility and could potentially disrupt Italy's plans while also positioning France for future naval operations.

### Final Order:
<ORDER>F SPA/SC - LYO</ORDER>",0.3,True,"The acting model, Qwen/Qwen2.5-7B-Instruct, has received deterministic decoding instructions and is aware of the current board state, including the fixed nonfocal orders and the two native-legal focal orders. Given the context of the game, France is currently in a position where it needs to consider its strategic options carefully. The fixed nonfocal orders suggest that France is already planning to hold its position in the Atlantic, and the messages indicate that France is wary of Italy's intentions and is trying to maintain a defensive posture.

Considering the two options:
1. F SPA/SC S A BUR - MAR
2. F SPA/SC - LYO

Option 1 involves supporting A BUR to MUN, which aligns with the existing fixed nonfocal orders and maintains France's defensive posture in the Atlantic. Option 2, F SPA/SC - LYO, is a more aggressive move that could potentially disrupt Italian plans but also risks exposing France's position.

Given the deterministic nature of the model and the context provided, the model is likely to choose the order that best fits its strategy of maintaining a defensive stance while also considering potential threats. Since the model is deterministic, it will consistently follow the most logical and strategic choice based on the information available.

Therefore, the probability that the acting model submits the exact focal order <TARGET_ORDER>F SPA/SC - LYO</TARGET_ORDER> is:

<P_TARGET>30</P_TARGET>",True
cicero_g025_p001_ENGLAND,25,ENGLAND,F NTH - EDI,F NTH S A KIE - DEN,B,True,"Given the situation, let's analyze the two focal orders:

1. **F NTH - EDI**: This order would move the French fleet from North Sea (NTH) to Edinburgh (EDI). This could be useful if we anticipate a threat from Russia or if we want to secure our home center in Edinburgh. However, it might also leave us vulnerable to a potential attack from France, especially if they have a strong position in the Mediterranean.

2. **F NTH S A KIE - DEN**: This order would move the French fleet from North Sea (NTH) to Denmark (DEN) via an attack on the Austrian army in Kiel (KIE). This could be a more proactive move, potentially weakening Austria and setting up a future attack on Kiel. It also helps in securing the Danish home center, which is crucial for our supply chain.

Considering the information provided, particularly the message from Italy suggesting to beware of France, it seems prudent to take a more aggressive stance against France while also securing key positions. Moving the fleet to Denmark via an attack on Kiel aligns well with this strategy.

Therefore, my choice is:

<ORDER>F NTH S A KIE - DEN</ORDER>",0.85,True,"The acting model, Qwen/Qwen2.5-7B-Instruct, has received deterministic decoding instructions and is in the context of controlling England in a Diplomacy game. Given the fixed nonfocal orders for England (""F NWG - NWY"", ""A YOR - BEL VIA""), and the two native-legal focal orders provided, we need to determine which order is more likely to be chosen based on strategic considerations.

The two options are:
1. F NTH - EDI
2. F NTH S A KIE - DEN

Considering the fixed orders, the fleet at NWG is already ordered to move to NWY, and the army at YOR is ordered to move to BEL via. This means the focus should be on the fleet at NTH. 

The first option, F NTH - EDI, would secure a home center (EDI) and potentially support other moves. However, given the message from Italy suggesting to beware of France, it might be prudent to consider a more defensive or supportive move.

The second option, F NTH S A KIE - DEN, supports the army at KIE, which could be a strategic move to counter potential French advances towards KIE or to support Germany if needed. This also aligns with the message from Italy about being wary of France.

Given the context and the need to balance defense and support, the second option seems more strategic. Therefore, the probability that the acting model will choose the second option is higher.

<P_TARGET>85</P_TARGET>",True
cicero_g026_p001_GERMANY,26,GERMANY,A RUH - KIE,A RUH S A BUR - BEL,B,True,"Given the situation, let's analyze the options:

1. **A RUH - KIE**: This order would move your A RUH from Ruhr to Kiel. This could help secure your position in the north, but it might leave you vulnerable to French pressure if they manage to move into Belgium.

2. **A RUH S A BUR - BEL**: This order would move your A RUH from Ruhr to Belgium via a support from A BUR (Burgenland). This would directly challenge the French position in Belgium and potentially force them to retreat or face a two-front war, which is generally more favorable.

Considering that you need to cover Munich due to French pressure, moving A RUH to Belgium via support from A BUR would be a more proactive and strategic choice. It would also align with the conversation where England suggested bouncing the French out of Belgium, which would make it easier to take over Belgium next year.

Therefore, the chosen focal order is:

<ORDER>A RUH S A BUR - BEL</ORDER>",0.6,True,<P_TARGET>60</P_TARGET>,True
cicero_g027_p001_AUSTRIA,27,AUSTRIA,F ALB - ADR,F ALB S A BUL - GRE,B,True,"Given the situation, it seems prudent to consider the strategic implications of each order:

1. **F ALB - ADR**: This move would allow Austria to potentially gain control over the Adriatic Sea, which could be useful for future movements or blockades. However, it might also leave Alb right in the path of potential Turkish aggression, especially if Turkey decides to move into Bulgaria.

2. **F ALB S A BUL - GRE**: This order supports Italy's position in the Balkans, which aligns with the previous discussions where Austria and Russia agreed to bounce in Galicia. Supporting Italy in this manner could help maintain a stronger front against Turkey, especially considering the potential conflict between Austria and Italy.

Given that Austria is planning to support itself towards Greece and considering the need to maintain a strong defensive posture against Turkey, the second option seems more strategically sound. It helps secure a key position in the Balkans and supports an ally.

Therefore, I choose the second order:

<ORDER>F ALB S A BUL - GRE</ORDER>",0.85,True,"The acting model has a strategic interest in supporting itself towards Greece while also considering the diplomatic situation with Russia. Given the previous dialogue, Russia has indicated it will not be able to support Austria against Turkey, and Austria is planning to support itself towards Greece. This makes the order <F_ALB_S_A_BUL_-_GRE> more aligned with Austria's current strategy and the ongoing diplomatic situation.

Therefore, the probability that the acting model submits this exact focal order is high.

<P_TARGET>85</P_TARGET>",True
cicero_g027_p003_AUSTRIA,27,AUSTRIA,A BUD - TRI,A BUD S A GAL - RUM,B,True,"Given the situation, let's analyze the potential outcomes of each focal order:

1. **A BUD - TRI**: This order would move the Austrian Army from Budapest to Serbia. This move could be defensive, preventing Russia from easily moving into Trieste, but it also leaves Budapest vulnerable to a potential Russian attack from Galicia.

2. **A BUD S A GAL - RUM**: This order would move the Austrian Army from Budapest to Galicia and then support the Russian Army in Galicia to Rumania. This move aligns with the recent agreement to support Russia in Rumania and also helps to counter any potential Turkish aggression in the region.

Considering the recent agreements and the need to maintain good relations with Russia while also preparing for potential threats from Turkey, the second option seems more strategic. It supports the alliance with Russia and provides a direct threat to Turkey if they attempt to move into Rumania.

Therefore, I choose the second order:

<ORDER>A BUD S A GAL - RUM</ORDER>",0.85,True,"The acting model has received assurances from Russia about moving back to Warsaw and has a fixed nonfocal order to support Galicia to Bulgaria. Given the context of needing to work with Russia and the fixed order, the model is likely to choose the order that supports Russia's request for a support into Rumania. Therefore, the probability that the acting model submits the target order is high.

<P_TARGET>85</P_TARGET>",True
cicero_g028_p001_GERMANY,28,GERMANY,F DEN S F BOT - SWE,F DEN - BAL,A,True,"Given the situation and the focus on bouncing Russia out of Sweden while also considering the potential threat from England-France (EF), I need to choose an order that maximizes Germany's position without overextending my forces. 

Order 1: **F DEN S F BOT - SWE** would directly support the effort to bounce Russia out of Sweden. This is crucial because it helps secure the Baltic region and potentially opens up opportunities to capture Stockholm or even support other operations against Russia.

Order 2: **F DEN - BAL** would keep the fleet in the Baltic Sea but wouldn't directly contribute to the effort against Russia. While maintaining presence in the Baltic is important, the immediate priority should be to support the plan to expel Russia from Sweden.

Considering the importance of the Russian threat and the need to coordinate with Turkey, I will go with the first option:

<ORDER>F DEN S F BOT - SWE</ORDER>",0.6,True,"The acting model seems to be considering its position in relation to Russia and Turkey, particularly in light of the potential threat from England's eastern front (EF). Given the fixed nonfocal orders to move A KIE - HOL and A MUN - TYR, and the recent diplomatic exchanges with Turkey, it appears Germany is trying to secure its western flank while also considering the threat from Russia.

Given the options, moving F DEN - BAL would help to secure the Baltic region and potentially support other units in the north, which could be crucial if there is a threat from England or if Turkey needs support in the west. This move also aligns with the general strategy of maintaining a strong position in key supply centers and securing the northern front.

Therefore, the acting model is likely to choose this order.

<P_TARGET>60</P_TARGET>",True
cicero_g028_p003_GERMANY,28,GERMANY,A BER - MUN,A BER S F DEN - KIE,B,True,"Given the situation, it seems that letting Russia grow is necessary to maintain a balance and avoid an early defeat from England-France (E/F). However, we need to ensure that our units remain flexible and can still contribute to potential future strategies.

Let's analyze the two options:

1. **A BER - MUN**: This order would move Berlin to Munich. While this keeps our units mobile, it might be less effective in directly countering potential threats from Russia or supporting other parts of the board if needed.

2. **A BER S F DEN - KIE**: This order would move Berlin to support the fleet in Denmark, which is crucial for maintaining control over the Baltic Sea and potentially cutting off any support lines from England or France. This also allows Berlin to return to Munich if needed, providing more strategic flexibility.

Considering the need to support the fleet in Denmark and the importance of maintaining control over the Baltic, the second option seems more strategic.

<ORDER>A BER S F DEN - KIE</ORDER>",0.7,True,<P_TARGET>70</P_TARGET>,True
cicero_g029_p018_RUSSIA,29,RUSSIA,F STP/NC - BAR,F STP/NC S A HOL - NWY,B,True,"Given the context and the current situation, let's analyze the two options:

1. **F STP/NC - BAR**
2. **F STP/NC S A HOL - NWY**

### Analysis:
- **F STP/NC - BAR**: This order would move the fleet from St Petersburg to the Baltic Sea (BAR). This could help secure the Baltic region, which is important for supply centers like Stockholm (STP) and Norway (NWY). However, it doesn't directly support the plan to attack Turkey through Rumelia (RUM).

- **F STP/NC S A HOL - NWY**: This order would move the fleet from St Petersburg to the North Sea (NWY) via a support from Holstein (HOL). This supports the plan to attack Turkey through Rumelia (RUM) and also helps secure the North Sea, which is crucial for supply centers like Sweden (SWE) and Norway (NWY).

### Decision:
Considering the ongoing conflict with Turkey and the importance of securing the North Sea and Baltic regions, the second option seems more strategic. It aligns better with the goal of supporting the attack on Turkey and securing key supply centers.

### Conclusion:
The focal order I will submit is:

```xml
<ORDER>F STP/NC S A HOL - NWY</ORDER>",0.75,True,<P_TARGET>75</P_TARGET>,True
cicero_g029_p019_RUSSIA,29,RUSSIA,A GAL - BOH,A GAL S A SEV - RUM,B,True,"Given the situation, let's analyze the two options:

1. **A GAL - BOH**: This move would advance the Galician unit towards Bohemia. This could potentially set up a future move into Austria or support other units in the region. However, it does not directly address the immediate threat or opportunity presented by the Italian and Austrian positions.

2. **A GAL S A SEV - RUM**: This move supports the Sevastopol unit in its attempt to capture Rumelia. Given the recent discussions and the fact that Italy has indicated it will take Trieste, it seems crucial to prevent Austria from holding onto Rumelia. If Rumelia falls to Austria, it could significantly strengthen their position in the Balkans and potentially threaten our supply centers.

Considering the strategic importance of preventing Austria from securing Rumelia and the potential for a coordinated effort with Turkey, the second option appears more critical.

Therefore, the focal order I will submit is:

<ORDER>A GAL S A SEV - RUM</ORDER>",0.85,True,"The acting model, Qwen/Qwen2.5-7B-Instruct, has received clear signals from both Austria and Italy that they do not want to work with Russia. Additionally, the fixed nonfocal orders include an order for A SEV S A GAL - RUM, which aligns with the strategy of taking RUM from Italy. Given these factors, the model is likely to choose the order that supports this strategy.

Therefore, the probability that the acting model submits the exact focal order <TARGET_ORDER>A GAL S A SEV - RUM</TARGET_ORDER> is high.

<P_TARGET>85</P_TARGET>",True
cicero_g030_p001_RUSSIA,30,RUSSIA,F BOT - BAL,F BOT S F DEN - SWE,B,True,"Given the current situation and the strategic discussions, it seems prudent to consider the implications of each potential order:

1. **F BOT - BAL**: This order would move the Fleet from Botnia to Baltic Sea. This could be useful for controlling the Baltic Sea, which is a key supply center and could provide additional pressure on Germany and potentially support future moves.

2. **F BOT S F DEN - SWE**: This order would move the Fleet from Botnia to Denmark and then support the Fleet from Denmark into Sweden. This could be a more aggressive move aimed at securing Sweden, which is crucial for long-term stability and control over the Baltic region.

Considering the discussions with Germany and the need to secure Sweden, the latter option seems more aligned with the strategic goals of securing key territories and maintaining pressure on Germany. Additionally, having control over Sweden would provide a stronger position for future moves and could help in countering any potential threats from Germany or other powers.

Therefore, the chosen focal order is:

<ORDER>F BOT S F DEN - SWE</ORDER>",0.85,True,"Based on the context provided, Russia seems to be aligning with Germany's strategy, particularly in securing Sweden and countering England. The order to move the fleet from SEV to RUM and the army from UKR to RUM supports this strategy. Additionally, the conversation indicates that Russia is considering building in STP and supporting Germany's northern push, which suggests a focus on the northern front.

Given that the acting model is Qwen/Qwen2.5-7B-Instruct using deterministic decoding, it will follow the most strategic and aligned path based on the information available. The order ""F BOT S F DEN - SWE"" aligns well with the strategy of supporting Germany's northern push and securing Sweden.

Therefore, the probability that the acting model submits this exact focal order is high.

<P_TARGET>85</P_TARGET>",True
cicero_g031_p012_FRANCE,31,FRANCE,F MAO - BRE,F MAO S F NTH - ENG,B,True,"Given the situation, let's analyze the two focal orders:

1. **F MAO - BRE**: This order would move the French fleet from Marseille to Bordeaux. This could potentially secure a home center and provide a defensive position against any potential threats from Germany or Italy. However, it might leave the Mediterranean vulnerable if other powers have units there.

2. **F MAO S F NTH - ENG**: This order would move the French fleet from Marseille to North Sea and then support the French fleet in the North Sea to attack England. This could directly challenge England's control over the North Sea and potentially capture an English supply center, which is crucial for maintaining a strong position in the game.

Considering the strategic importance of capturing an English supply center, especially given the simultaneous and hidden orders from other powers, the second option seems more proactive and potentially more impactful.

Therefore, my choice is:

<ORDER>F MAO S F NTH - ENG</ORDER>",0.7,True,<P_TARGET>70</P_TARGET>,True
cicero_g032_p003_AUSTRIA,32,AUSTRIA,A BUD S A GAL - RUM,A BUD - TRI,A,True,"Given the context and the orders provided, let's analyze the situation:

1. **A BUD S A GAL - RUM**: This order would have Austria's Budapest unit support the Galician unit to move to Rum. This supports the agreement with Russia where Austria will take Bulgaria from Turkey in the fall and keep the Galician space open.

2. **A BUD - TRI**: This order would have Austria's Budapest unit move to Trieste. While this might be a strategic move, it doesn't directly support the agreement with Russia or maintain the pressure on Turkey.

Considering the agreement with Russia and the need to keep the Galician space open for the fall, the first option is more aligned with the strategy discussed.

Therefore, the focal order I will submit is:

<ORDER>A BUD S A GAL - RUM</ORDER>",0.1,True,"Consider the context provided, Austria has a strategic position and is engaged in a complex diplomatic situation with Russia. Austria has already committed to supporting Italy in the Aegean and has agreed to take Bulgaria from Turkey in the fall. Given these commitments, it seems more aligned with Austria's strategy to maintain its focus on the Galicia-Budapest axis rather than moving to Trieste, which might disrupt its existing plans.

The fixed nonfocal orders include:
- A BUD S A GAL - RUM
- A SER S A GAL - RUM
- A VIE - GAL

These orders indicate that Austria is planning to move its units towards Galicia, which aligns with its current strategy. Moving to Trieste (A BUD - TRI) would deviate from this plan and could potentially lead to conflicts with other powers, especially considering the diplomatic agreements made with Russia.

Given the deterministic nature of the model and the alignment of the fixed nonfocal orders with the current strategy, the probability that Austria will choose to move to Trieste is lower.

<P_TARGET>10</P_TARGET>",True
cicero_g033_p009_AUSTRIA,33,AUSTRIA,A BUL - ANK VIA,A BUL S A GAL - RUM,A,True,"Given the situation, it seems that Russia is planning to move its fleet from Sevastopol to Armagh to support the army in Rumelia, and then potentially move the army to Black Sea to counter Turkey's threat. This plan indicates that Russia is positioning itself to either support or attack Turkey, depending on the outcome of the moves.

Considering Austria's position and the potential threats from Russia and Turkey, it would be prudent to maintain control over the Balkans and prevent any potential encirclement or attack from these powers. Moving Bulgaria to Ankara via the Danube would help secure the southern flank and potentially allow for further movements if needed.

Therefore, the chosen focal order is:

<ORDER>A BUL - ANK VIA</ORDER>",0.85,True,"The acting model appears to be aligning with Germany's strategy to pressure Russia and potentially secure a position against Turkey. Given Austria's recent interactions with Russia, particularly the detailed discussion about moving units to counter Turkey, it seems likely that Austria would want to maintain flexibility in its options, especially since it has already committed to moving other units (A BUL S A GAL - RUM) to counter potential threats.

Considering the context and the need to respond to Russia's aggressive moves, the order A BUL S A GAL - RUM provides more strategic flexibility and allows Austria to adapt to changing circumstances, such as supporting Rum or countering Russian movements.

Therefore, the probability that the acting model submits the order A BUL S A GAL - RUM is high.

<P_TARGET>85</P_TARGET>",True
cicero_g033_p013_AUSTRIA,33,AUSTRIA,F AEG - BUL/SC,F AEG S A ARM - SMY,,False,"Given the situation and the strategic context provided, the best choice for the focal unit F AEG would be to move towards Bulgaria (BUL) or the Sea of Marmara (SC). This move supports the overall strategy of pressuring Turkey and potentially setting up a future move into Smyrna (SMY).

Here’s the reasoning:

1. **Supporting Russia**: The agreement with Russia includes support into Smyrna (SMY). By moving F AEG to Bulgaria (BUL), it sets up a potential move to Smyrna (SMY) in the fall, which aligns with the agreed-upon plan.

2. **Pressure on Turkey**: Moving F AEG to Bulgaria (BUL) puts pressure on Turkey’s position in the Balkans. If Turkey has units in Bulgaria (BUL), this move could force them to retreat or engage, which could be beneficial for Austria.

3. **Future Moves**: From Bulgaria (BUL), F AEG can either directly move to Smyrna (SMY) or support other moves, such as supporting Russia into Smyrna (SMY) or moving to the Sea of Marmara (SC) to potentially support other units.

Given these considerations, the focal order should be:

<ORDER>F AEG - BUL</ORDER>",0.6,True,<P_TARGET>60</P_TARGET>,False
cicero_g034_p001_ENGLAND,34,ENGLAND,F NTH - EDI,F NTH S A RUH - BEL,A,True,"Given the context and the strategic situation, the best choice would be to move the fleet from NTH to EDI. This order supports Germany's plan to move into Belgium and helps secure the North Sea from Russian advances. Here’s the reasoning:

1. **Supporting Germany**: By moving the fleet from NTH to EDI, we are directly supporting Germany's plan to move into Belgium. This helps in containing or eliminating the Russian fleet in the Baltic Sea, which aligns with Germany's strategy to prevent Russia from gaining a foothold in the North Sea.

2. **Securing the North Sea**: Keeping the fleet in the North Sea (NTH) could leave it vulnerable to potential Russian moves, especially if they manage to capture Sweden. Moving it to EDI ensures that we have a strong presence in the English Channel, which is crucial for future movements and support.

3. **Strategic Positioning**: Moving to EDI also positions us well for potential future moves, such as supporting France or moving towards the Mediterranean if needed.

Therefore, the chosen focal order is:

<ORDER>F NTH - EDI</ORDER>",0.85,True,"The acting model has already committed to supporting Germany into Belgium and bouncing Russia out of Sweden. Given that the model is deterministic and aiming to follow through on its commitments, it is likely to choose the order that supports Germany's plan to take Sweden itself in 1902. Therefore, the focal order <F>NTH S A RUH - BEL</F> aligns better with the established strategy.

<P_TARGET>85</P_TARGET>",True
cicero_g034_p004_ENGLAND,34,ENGLAND,F LON - WAL,F LON S F DEN - NTH,B,True,"Given the context and the strategic situation, let's analyze the options:

1. **F LON - WAL**: This order would move your fleet from London to Wales. This could be useful if there are plans to support movements or attacks from the western front, such as targeting France or supporting an attack on Denmark. However, given Germany's interest in taking Sweden and the need to maintain a strong position against Russia, this might not be the most strategic choice.

2. **F LON S F DEN - NTH**: This order would move your fleet from London to Norway via Denmark. This supports the plan to take Sweden and also helps in maintaining a strong naval presence in the North Sea, which is crucial for controlling supply centers like Norway and potentially supporting other moves.

Considering Germany's intention to take Sweden and the need to maintain a strong naval presence, the second option seems more aligned with the overall strategy.

Therefore, the focal order I choose to submit is:

<ORDER>F LON S F DEN - NTH</ORDER>",0.85,True,"Based on the context provided, England has agreed to an alliance with Germany to take on Russia and potentially Sweden. However, England needs to position itself against Russia first. The proposed order F LON S F DEN - NTH suggests a strategic move to support the fleet in NTH while also preparing to counter any Russian moves. Given the fixed nonfocal orders and the need to maintain flexibility, this order seems more aligned with England's strategic goals.

The other option, F LON - WAL, is less strategic in the current context, as it doesn't directly support the planned alliance or counter Russian threats effectively.

Therefore, the probability that the acting model submits the order F LON S F DEN - NTH is high.

<P_TARGET>85</P_TARGET>",True
cicero_g035_p003_ITALY,35,ITALY,F ION S A TRI - ALB,F ION - ADR,B,True,"Given the situation and the strategic context, let's analyze the two focal orders:

1. **F ION S A TRI - ALB**
2. **F ION - ADR**

### Analysis:

- **F ION S A TRI - ALB**: This order involves the Ionian Sea Fleet moving to Albania and then supporting an attack on Greece (ALB). This could be a strong move if we anticipate that Austria might be planning to take Greece or if we want to position ourselves to counter such a move. However, it also means we would be committing our fleet to a specific target and potentially leaving the Adriatic Sea open to other threats.

- **F ION - ADR**: This order involves the Ionian Sea Fleet moving to the Adriatic Sea. This is a more flexible move that keeps our options open. It allows us to either support an attack on Greece if needed or to protect our position in the Adriatic Sea. Given that we have a plan to work with Russia against Austria, having a flexible fleet in the Adriatic Sea can be crucial for coordinating with Russia and potentially supporting other moves.

### Strategic Considerations:

- **Flexibility**: The second option provides more flexibility, which is valuable given the uncertainty of other players' moves.
- **Coordination with Russia**: Since we have a plan to coordinate with Russia against Austria, having a fleet in the Adriatic Sea can help us coordinate better and respond to any unexpected moves by Austria.
- **Supporting Other Moves**: With the fleet in the Adriatic Sea, we can support other moves, such as taking Smyrna from Austria, without being locked into a specific target.

### Conclusion:

Given the need for flexibility and the importance of coordinating with Russia, the second option is more strategic.

<ORDER>F ION - ADR</ORDER>",0.6,True,"Based on the context provided, Italy has a strategic interest in maintaining its position in the Mediterranean and potentially pressuring Austria. The order ""F ION - ADR"" suggests a move towards Adria, which could be part of a broader strategy to either support or counteract Austria's movements. Given the recent diplomatic discussions and the fact that Italy is considering a plan involving Russia against Austria, it seems more likely that Italy would want to maintain a flexible position rather than committing fully to supporting Russia's plan.

The order ""F ION S A TRI - ALB"" would directly support Russia's plan by cutting off Austria's access to Trieste, which aligns closely with the discussed strategy. However, ""F ION - ADR"" keeps more options open, allowing Italy to respond to unfolding events without being locked into a specific outcome.

Considering the diplomatic context and the need for flexibility, the probability that Italy chooses ""F ION - ADR"" is:

<P_TARGET>60</P_TARGET>",True
cicero_g035_p005_ITALY,35,ITALY,F ION S A CON - GRE,F ION - ADR,B,True,"Given the situation, let's analyze both options:

1. **F ION S A CON - GRE**
2. **F ION - ADR**

### Analysis:
- **Option 1: F ION S A CON - GRE**
  - This order would see the Ionian Sea fleet move to Athens and then support the fleet in the Aegean Sea to move to Greece.
  - This could help secure the Aegean Sea and potentially pressure Turkey or other powers in the region.
  - However, it might leave the Ionian Sea vulnerable to potential counterattacks from Russia or other powers.

- **Option 2: F ION - ADR**
  - This order would see the Ionian Sea fleet move to Adria.
  - This could help secure the Adriatic Sea and provide a defensive position against any potential moves from Austria or Germany.
  - It also allows for flexibility in future moves, such as supporting France or moving to the Ionian Sea again if needed.

### Considerations:
- **Russia-Turkey Conflict**: Given the previous messages, Italy has a vested interest in ensuring that Russia does not gain too much influence in the region. Supporting Turkey in the Aegean Sea could be seen as a way to indirectly counter Russian influence.
- **Defensive Position**: Moving to Adria provides a more defensive position and allows for better coordination with France and England in the Mediterranean.

### Decision:
Considering the need to balance offensive and defensive strategies while maintaining flexibility, the second option seems more prudent.

### Final Order:
<ORDER>F ION - ADR</ORDER>",0.3,True,"The acting model, Qwen/Qwen2.5-7B-Instruct, has received a deterministic decoding instruction and is operating under the context of controlling Italy in a Diplomacy game. Given the recent diplomatic exchanges, particularly the back-and-forth between Italy and Russia regarding support for Bulgaria and the build in Russia, it seems that Italy is trying to maintain its position without directly engaging in conflict with Russia or Austria.

The proposed order <TARGET_ORDER>F ION - ADR</TARGET_ORDER> involves moving the Ionian Sea fleet to Adria. This move could be strategic if Italy aims to support its ally Turkey or to prepare for potential moves against Austria. However, considering the fixed nonfocal orders and the current supply center situation, this move might not be as critical as the alternative order.

The alternative order <ORDER>F ION S A CON - GRE</ORDER> involves supporting the movement of a land unit to Greece via the Ionian Sea. This supports the land unit's advance towards Greece, which aligns more closely with the previous diplomatic discussions about keeping Austria growing slowly.

Given the context and the deterministic nature of the model's decision-making process, the model is likely to choose the order that aligns most closely with its strategic goals and the information it has processed. Therefore, the probability that the acting model submits the target order is lower compared to the alternative.

<P_TARGET>30</P_TARGET>",True
cicero_g037_p001_ITALY,37,ITALY,A VEN - APU,A VEN S A SER - TRI,A,True,"Given the situation, focusing on advancing into Tunisia seems like a risky move for Italy due to the potential threat from Austria. Italy needs to ensure it has a strong position before engaging in such a critical move. Here’s the reasoning:

1. **A VEN - APU**: This order allows Italy to maintain a defensive posture while also preparing to support other potential moves. It keeps the Apulian unit in a position where it can either reinforce the Apulia position or move towards the Adriatic Sea if needed.

2. **A VEN S A SER - TRI**: This order involves a more aggressive move towards Austria, which could be risky given the current situation. If Austria is planning to attack Italy, this move could leave Italy vulnerable.

Considering the need to balance defense and preparation, the safer and more strategic choice is to keep the Apulian unit in a defensive position.

Therefore, the focal order I will submit is:
<ORDER>A VEN - APU</ORDER>",0.85,True,"The acting model, Qwen/Qwen2.5-7B-Instruct, has been given a deterministic decoding process and is operating under the context of controlling Italy in a Diplomacy game. Given the current board state and the recent diplomatic exchanges, Italy seems to be prioritizing its position against Austria rather than moving directly towards Tunisia. The message from Turkey suggesting an attack on Trieste (TRI) is met with resistance from Italy, indicating Italy's caution about committing resources prematurely.

Considering Italy's need to maintain a strategic position and the potential for a future build, the order ""A VEN S A SER - TRI"" aligns with Italy's defensive posture and strategic planning. This order suggests a cautious approach, supporting the Serenissima Republic's position while also preparing for potential future moves.

Given these factors, the probability that the acting model submits the order ""A VEN S A SER - TRI"" is high due to its strategic alignment with Italy's current situation and plans.

<P_TARGET>85</P_TARGET>",True
cicero_g038_p001_TURKEY,38,TURKEY,A BUL S A GAL - RUM,A BUL - CON,B,True,"Given the situation and the information provided, let's analyze the options:

1. **A BUL S A GAL - RUM**: This order supports Germany in Rumania, which could be a strategic move to counter Russia. However, it might also leave Bulgaria vulnerable if France or England decide to attack.

2. **A BUL - CON**: This order keeps Bulgaria in a defensive position, protecting Turkey's home center at Constantinople. It also allows for potential future moves into the Black Sea or support in other directions if needed.

Considering the messages and the current state of the game:
- Russia seems to be acting strangely and aggressively.
- France has not explicitly threatened Turkey but mentioned Italy's stance against Turkey.
- Germany is asking for support in War, indicating a potential conflict with Russia.

Given these factors, keeping Bulgaria in a defensive position (A BUL - CON) seems more prudent. This order provides a buffer and allows for flexibility in future moves without immediately committing to supporting Germany in Rumania.

Therefore, my choice is:

```xml
<ORDER>A BUL - CON</ORDER>",0.85,True,"Consider the context provided, Turkey has several options for its BUL unit. The acting model has received multiple suggestions to move BUL to RUM, which could be part of a strategy to support Austria against Russia. However, the fixed nonfocal order for BUL is to move to BUL - CON, indicating a preference for this route. Given the private messages and the fact that France seems to be in a strong position and might need support, moving BUL to CON aligns more with a defensive posture rather than an offensive one.

The probability of the acting model submitting the order A BUL - CON is high due to the fixed nonfocal order and the defensive strategy implied by the messages.

<P_TARGET>85</P_TARGET>",True
cicero_g038_p003_TURKEY,38,TURKEY,A SMY - SYR,A SMY S A BUL - ANK,B,True,"Given the context and the strategic discussions with Austria and Italy, it seems clear that Turkey is aligning with these two powers against Austria. The plan involves Turkey moving its units to support and coordinate with Austria and Italy in their respective strategies.

The first focal order, **A SMY - SYR**, would allow Turkey to move its unit from Smyrna to Syria. This move could be useful for several reasons:
1. It helps to secure Turkey's position in the Mediterranean.
2. It can provide additional support or pressure on Italy if needed.
3. It might be a strategic move to prepare for future actions, such as supporting an Italian move into the Adriatic Sea.

The second focal order, **A SMY S A BUL - ANK**, would involve Turkey's unit in Smyrna supporting the move of its unit in Bulgaria to Ankara. This move is more directly aligned with the plan to pivot towards Italy while Austria pushes west, as discussed with Austria.

Considering the strategic alignment and the need to support the agreed-upon plan with Austria and Italy, the second order seems more aligned with the overall strategy.

Therefore, my choice is:

<ORDER>A SMY S A BUL - ANK</ORDER>",0.85,True,"<TARGET_ORDER>A SMY S A BUL - ANK</TARGET_ORDER>
Use the fact that Turkey has already committed to moving A SMY - BUL and A CON - BUL in its fixed nonfocal orders. Given that Turkey has already planned these moves and the message history indicates a strategic partnership with Italy against Austria, it makes sense for Turkey to consolidate its position in the Balkans by supporting BUL with SMY and then moving to ANK. This supports the earlier plan and aligns with the strategic partnership.

<P_TARGET>85</P_TARGET>",True
cicero_g039_p001_ENGLAND,39,ENGLAND,A EDI - BEL VIA,A EDI S F NTH - YOR,A,True,"Given the context and the orders provided, let's analyze the situation:

1. **England's Position**: England has two fleets (F NTH and F NWG) and an army (A EDI). The focus is on the army in Edinburgh (EDI).

2. **England's Strategy**: England seems to be planning to move its army from Edinburgh to Belgium via the North Sea. This is indicated by the two native-legal focal orders:
   - A EDI - BEL VIA
   - A EDI S F NTH - YOR

3. **England's Goals**:
   - To secure the North Sea and potentially threaten Germany or Russia.
   - To avoid direct confrontation with Russia while maintaining a position to support France if needed.

4. **Russia's Concerns**: Russia is concerned about England's aggressive moves and suggests using Italy to help with Austria. However, England reassures Russia that it won't move an army to St Petersburg and will keep a fleet in the North Sea.

5. **Germany's Actions**: Germany is holding in Denmark, which could be seen as a defensive move against Russia. However, it also suggests that France and Germany might be planning an attack on Germany.

6. **England's Response to Germany**: England acknowledges Germany's defensive stance but remains cautious about France and Germany's moves.

Given these points, the most strategic move for England would be to move its army from Edinburgh to Belgium via the North Sea. This move aligns with England's goal of securing the North Sea and maintaining a position to support France if needed.

Therefore, the chosen focal order is:

<ORDER>A EDI - BEL VIA</ORDER>",0.3,True,"The acting model, Qwen/Qwen2.5-7B-Instruct, seems to be focusing on securing its position in the north while also considering the potential threats from Russia and possibly France. Given the fixed nonfocal order of ""F NTH C A EDI - BEL,"" it appears that England is planning to support its army in Belgium via the convoy order. However, the target order suggests a different approach, where the army in Edinburgh is moving to support the fleet in Norwegian Sea (NWG) instead of convoying to Belgium.

Considering the context of the messages, particularly the tension with Russia and the uncertainty about France and Germany's moves, it seems more likely that England would want to secure its northern position first. The fixed nonfocal order already includes a convoy to Belgium, which aligns with the defensive strategy against potential Russian aggression.

Therefore, the probability that the acting model submits the target order <TARGET_ORDER>A EDI S F NTH - YOR</TARGET_ORDER> is lower compared to the other logical order.

<P_TARGET>30</P_TARGET>",True
