state_id,game_index,fold,condition,format,mode,activation_time,action_choice,y_B,p_activation,se_activation,p_matched_auditor,se_matched_auditor,p_trained_text,se_trained_text,p_structured,se_structured,p_constant,se_constant,delta_auditor_minus_activation,delta_text_minus_activation
cicero_g000_p014_ENGLAND,0,0,compact_reason_t0,compact,reason_t0,T0,A,0.0,0.9045866552472319,0.8182770168513744,0.3,0.09,0.7050849574734437,0.4971447972553279,0.9597114406493336,0.9210460493132193,0.6875,0.47265625,-0.7282770168513745,-0.32113221959604654
cicero_g001_p003_ITALY,1,1,compact_reason_t0,compact,reason_t0,T0,B,1.0,0.8979794385687634,0.010408194954744723,0.45,0.30250000000000005,0.5114371006989057,0.23869370657349123,0.49721170025397254,0.25279607436150114,0.59375,0.1650390625,0.29209180504525534,0.2282855116187465
cicero_g002_p003_RUSSIA,2,2,compact_reason_t0,compact,reason_t0,T0,A,0.0,0.34132471880912063,0.11650256367012526,0.3,0.09,0.5910929174099077,0.3493908370121559,0.5942018188571977,0.353075801533202,0.65625,0.4306640625,-0.026502563670125268,0.23288827334203063
cicero_g003_p001_ENGLAND,3,3,compact_reason_t0,compact,reason_t0,T0,B,1.0,0.18249786070964413,0.6683097477443084,0.65,0.12249999999999998,0.51164824426228,0.23848743733211378,0.5432816214550299,0.2085916773007466,0.59375,0.1650390625,-0.5458097477443085,-0.42982231041219465
cicero_g004_p010_GERMANY,4,4,compact_reason_t0,compact,reason_t0,T0,B,1.0,0.07128028657978026,0.8625203060953351,0.15,0.7224999999999999,0.5110754794103409,0.23904718683382795,0.5949518325235524,0.16406401797602832,0.59375,0.1650390625,-0.14002030609533522,-0.6234731192615072
cicero_g005_p001_AUSTRIA,5,0,compact_reason_t0,compact,reason_t0,T0,A,0.0,0.014229891567378108,0.00020248981401933857,0.3,0.09,0.6404705387093921,0.4102025109546989,0.12334904263004813,0.01521498631774943,0.6875,0.47265625,0.08979751018598066,0.41000002114067957
cicero_g006_p009_TURKEY,6,1,compact_reason_t0,compact,reason_t0,T0,A,0.0,0.17264446495760408,0.029806111280497382,0.15,0.0225,0.5111008644772077,0.261224093669349,0.45726543524961777,0.2090916782740224,0.59375,0.3525390625,-0.007306111280497383,0.23141798238885164
cicero_g007_p001_FRANCE,7,2,compact_reason_t0,compact,reason_t0,T0,B,1.0,0.49277105025741563,0.2572812074569652,0.85,0.022500000000000006,0.592703699766565,0.16589027618384442,0.6455459675479648,0.12563766112150843,0.65625,0.1181640625,-0.23478120745696518,-0.09139093127312078
cicero_g008_p005_ITALY,8,3,compact_reason_t0,compact,reason_t0,T0,B,1.0,0.9338825637981527,0.004371515369905347,0.85,0.022500000000000006,0.5112948305730343,0.23883274262463927,0.6419767183083722,0.12818067023324264,0.59375,0.1650390625,0.018128484630094657,0.23446122725473392
cicero_g009_p001_ENGLAND,9,4,compact_reason_t0,compact,reason_t0,T0,B,1.0,0.949816298166853,0.0025184039296782036,0.85,0.022500000000000006,0.51195642832858,0.23818652784979646,0.6020241836586647,0.15838475039255223,0.59375,0.1650390625,0.0199815960703218,0.23566812392011827
cicero_g010_p031_FRANCE,10,0,compact_reason_t0,compact,reason_t0,T0,A,0.0,0.7983162604288607,0.6373088516651206,0.85,0.7224999999999999,0.7162141517239524,0.5129627111296607,0.8553983983553816,0.731706419908952,0.6875,0.47265625,0.08519114833487929,-0.12434614053545989
cicero_g011_p001_RUSSIA,11,1,compact_reason_t0,compact,reason_t0,T0,B,1.0,0.39336308278865606,0.368008349323683,0.65,0.12249999999999998,0.5110429729023476,0.2390789743481744,0.5277864190693726,0.22298566601532616,0.59375,0.1650390625,-0.24550834932368298,-0.12892937497550858
cicero_g012_p005_RUSSIA,12,2,compact_reason_t0,compact,reason_t0,T0,B,1.0,0.9833689038866154,0.0002765933579326379,0.85,0.022500000000000006,0.5819913371380272,0.17473124222765443,0.7250771947071103,0.07558254887011215,0.65625,0.1181640625,0.02222340664206737,0.17445464886972178
cicero_g013_p000_RUSSIA,13,3,compact_reason_t0,compact,reason_t0,T0,A,0.0,0.2745159745495506,0.07535902028288953,0.6,0.36,0.5113297697251664,0.2614581334071917,0.6415061514331516,0.41153014232657364,0.59375,0.3525390625,0.28464097971711044,0.18609911312430216
cicero_g014_p000_RUSSIA,14,4,compact_reason_t0,compact,reason_t0,T0,A,0.0,0.6533456266836084,0.426860507906597,0.3,0.09,0.5110214611245759,0.26114293372989644,0.538658153201437,0.29015260601038273,0.59375,0.3525390625,-0.33686050790659705,-0.16571757417670058
cicero_g015_p001_ENGLAND,15,0,compact_reason_t0,compact,reason_t0,T0,A,0.0,0.8848321559943234,0.7829279442815626,0.65,0.42250000000000004,0.7103411110872802,0.5045844941007117,0.8843100324708415,0.7820042335285807,0.6875,0.47265625,-0.3604279442815626,-0.27834345018085094
cicero_g016_p004_ITALY,16,1,compact_reason_t0,compact,reason_t0,T0,B,1.0,0.7025147901278808,0.08849745009265883,0.65,0.12249999999999998,0.5114491475945561,0.23868193538608587,0.5786949672876612,0.17749793058874483,0.59375,0.1650390625,0.034002549907341154,0.15018448529342704
cicero_g017_p001_FRANCE,17,2,compact_reason_t0,compact,reason_t0,T0,A,0.0,0.07592956692849638,0.005765299133949011,0.1,0.010000000000000002,0.5853658748683801,0.34265320746042405,0.46235133834310344,0.2137687600676589,0.65625,0.4306640625,0.004234700866050991,0.336887908326475
cicero_g018_p001_ENGLAND,18,3,compact_reason_t0,compact,reason_t0,T0,B,1.0,0.5003176848055805,0.24968241611805522,0.45,0.30250000000000005,0.511553718024116,0.23857977037606481,0.5508891958749695,0.20170051438183148,0.59375,0.1650390625,0.052817583881944824,-0.011102645741990408
cicero_g019_p007_RUSSIA,19,4,compact_reason_t0,compact,reason_t0,T0,B,1.0,0.2305976741494806,0.5919799390241888,0.1,0.81,0.5114208480928064,0.23870958767835254,0.5433689821360314,0.20851188647548405,0.59375,0.1650390625,0.21802006097581128,-0.35327035134583623
cicero_g020_p001_ITALY,20,0,compact_reason_t0,compact,reason_t0,T0,A,0.0,0.3541852239277519,0.1254471728487518,0.3,0.09,0.6864325045785247,0.47118958334194627,0.6530370796193133,0.4264574273577214,0.6875,0.47265625,-0.03544717284875179,0.3457424104931945
cicero_g021_p003_FRANCE,21,1,compact_reason_t0,compact,reason_t0,T0,B,1.0,0.8544214762074878,0.02119310658960705,0.65,0.12249999999999998,0.5117956745370643,0.23834346340072002,0.576444477566961,0.17939928058352456,0.59375,0.1650390625,0.10130689341039294,0.21715035681111297
cicero_g022_p008_ENGLAND,22,2,compact_reason_t0,compact,reason_t0,T0,B,1.0,0.890266086874596,0.012041531689813721,0.1,0.81,0.5893123066505074,0.1686643814687269,0.5412430246803664,0.21045796240441886,0.65625,0.1181640625,0.7979584683101864,0.15662284977891316
cicero_g023_p009_ITALY,23,3,compact_reason_t0,compact,reason_t0,T0,B,1.0,0.5080050197795808,0.2420590605620907,0.65,0.12249999999999998,0.5115011430570647,0.23863113323455434,0.6174217305878136,0.1463661322264235,0.59375,0.1650390625,-0.11955906056209072,-0.0034279273275363564
cicero_g024_p005_FRANCE,24,4,compact_reason_t0,compact,reason_t0,T0,B,1.0,0.8627122389169317,0.018847929343201637,0.3,0.48999999999999994,0.5117175878204308,0.23841971404389875,0.5597103863503502,0.1938549438877579,0.59375,0.1650390625,0.4711520706567983,0.2195717847006971
cicero_g025_p001_ENGLAND,25,0,compact_reason_t0,compact,reason_t0,T0,B,1.0,0.9643322551631899,0.0012721880217437952,0.65,0.12249999999999998,0.7206287213690639,0.07804831132388415,0.8018633831256247,0.039258118946423,0.6875,0.09765625,0.12122781197825619,0.07677612330214036
cicero_g026_p003_GERMANY,26,1,compact_reason_t0,compact,reason_t0,T0,A,0.0,0.9065150202893649,0.8217694820102277,0.75,0.5625,0.5117907789714854,0.2619298014402398,0.5947238298029365,0.35369643373547216,0.59375,0.3525390625,-0.2592694820102277,-0.5598396805699879
cicero_g027_p003_AUSTRIA,27,2,compact_reason_t0,compact,reason_t0,T0,B,1.0,0.08919450873716976,0.8295666429145256,0.75,0.0625,0.5867785088017979,0.1707520007880658,0.6984463499532223,0.09093460385653447,0.65625,0.1181640625,-0.7670666429145256,-0.6588146421264598
cicero_g028_p003_GERMANY,28,3,compact_reason_t0,compact,reason_t0,T0,B,1.0,0.5401030870318555,0.21150517055762907,0.75,0.0625,0.5112846229643461,0.23884271975110138,0.5998121994848482,0.16015027568115492,0.59375,0.1650390625,-0.14900517055762907,0.02733754919347231
cicero_g029_p018_RUSSIA,29,4,compact_reason_t0,compact,reason_t0,T0,B,1.0,0.01789741548411017,0.9645254865127906,0.85,0.022500000000000006,0.5112344473229856,0.2388917654836673,0.5150189997989809,0.23520657055598088,0.59375,0.1650390625,-0.9420254865127906,-0.7256337210291233
cicero_g030_p001_RUSSIA,30,0,compact_reason_t0,compact,reason_t0,T0,B,1.0,0.3109706347724512,0.4747614661458788,0.75,0.0625,0.597324600544567,0.1621474773265925,0.7470146500700898,0.0640015872791591,0.6875,0.09765625,-0.4122614661458788,-0.31261398881928626
cicero_g031_p012_FRANCE,31,1,compact_reason_t0,compact,reason_t0,T0,B,1.0,0.9723175064847285,0.0007663204472230498,0.3,0.48999999999999994,0.5118066531027402,0.23833274395474824,0.6686655893986625,0.10978249164853572,0.59375,0.1650390625,0.4892336795527769,0.2375664235075252
cicero_g032_p003_AUSTRIA,32,2,compact_reason_t0,compact,reason_t0,T0,A,0.0,0.20801755807674088,0.043271304468210266,0.45,0.2025,0.5892664435185488,0.3472349414569991,0.573170528152365,0.3285244543424611,0.65625,0.4306640625,0.15922869553178975,0.30396363698878887
cicero_g033_p009_AUSTRIA,33,3,compact_reason_t0,compact,reason_t0,T0,A,0.0,0.34294648767526403,0.11761229340880003,0.75,0.5625,0.5115049686848346,0.26163733298927366,0.6942621954969032,0.48199999609618016,0.59375,0.3525390625,0.44488770659119997,0.14402503958047363
cicero_g034_p004_ENGLAND,34,4,compact_reason_t0,compact,reason_t0,T0,B,1.0,0.4289119879678818,0.3261415174867968,0.85,0.022500000000000006,0.5115123154880612,0.23862021791983545,0.6680488297504347,0.1101915794300559,0.59375,0.1650390625,-0.3036415174867968,-0.08752129956696136
cicero_g035_p003_ITALY,35,0,compact_reason_t0,compact,reason_t0,T0,B,1.0,0.10054662677143351,0.8090163706122468,0.25,0.5625,0.6552446735144752,0.11885623514014076,0.3142048456597369,0.47031499371658536,0.6875,0.09765625,-0.24651637061224685,-0.6901601354721061
cicero_g036_p001_ENGLAND,36,1,compact_reason_t0,compact,reason_t0,T0,B,1.0,0.20510974787968442,0.6318505129158989,0.85,0.022500000000000006,0.511716874432146,0.2384204107143127,0.7195414571355262,0.07865699426566389,0.59375,0.1650390625,-0.6093505129158989,-0.3934301022015862
cicero_g037_p009_ITALY,37,2,compact_reason_t0,compact,reason_t0,T0,A,0.0,0.5756882793684497,0.33141699500220617,0.75,0.5625,0.5917672241421428,0.35018844756889705,0.4896197367408897,0.23972748660621815,0.65625,0.4306640625,0.23108300499779383,0.018771452566690883
cicero_g038_p001_TURKEY,38,3,compact_reason_t0,compact,reason_t0,T0,B,1.0,0.79023311971131,0.04400214406604958,0.3,0.48999999999999994,0.5111699938276385,0.23895477493447098,0.4527216404665356,0.2995136028136399,0.59375,0.1650390625,0.44599785593395036,0.1949526308684214
cicero_g039_p001_ENGLAND,39,4,compact_reason_t0,compact,reason_t0,T0,A,0.0,0.22221282816656593,0.04937854100178376,0.75,0.5625,0.5114096024427741,0.26153978147067625,0.5036843200986372,0.25369789431322637,0.59375,0.3525390625,0.5131214589982163,0.21216124046889248
cicero_g000_p014_ENGLAND,0,0,raw_deliberate_t1,raw,deliberate_t1,T1,A,0.0,0.0040980166392945855,1.679374037593529e-05,0.1,0.010000000000000002,0.7961161365301336,0.6338009028436663,0.7125234619427944,0.5076896838189447,0.7096774193548387,0.5036420395421437,0.009983206259624067,0.6337841091032904
cicero_g001_p003_ITALY,1,1,raw_deliberate_t1,raw,deliberate_t1,T1,A,0.0,0.3030329116546066,0.09182894554586861,0.05,0.0025000000000000005,0.7867116877976702,0.6189152797174589,0.8755387266307678,0.7665680618302264,0.7741935483870968,0.5993756503642039,-0.08932894554586861,0.5270863341715902
cicero_g002_p003_RUSSIA,2,2,raw_deliberate_t1,raw,deliberate_t1,T1,B,1.0,0.3502761504105321,0.42214108072535755,0.85,0.022500000000000006,0.7367035230849555,0.06932503475587458,0.7359743554551215,0.06970954097733854,0.75,0.0625,-0.39964108072535753,-0.35281604596948296
cicero_g003_p001_ENGLAND,3,3,raw_deliberate_t1,raw,deliberate_t1,T1,B,1.0,0.992748964645427,5.257751371326838e-05,0.85,0.022500000000000006,0.7809583270376969,0.04797925449412457,0.6324531705474589,0.13509067184061535,0.7741935483870968,0.050988553590010414,0.022447422486286738,0.047926676980411295
cicero_g004_p010_GERMANY,4,4,raw_deliberate_t1,raw,deliberate_t1,T1,B,1.0,0.8066895948635457,0.03736891273402008,0.75,0.0625,0.8487263796680528,0.022883708208334123,0.7544875061835667,0.06027638461996418,0.7096774193548387,0.08428720083246616,0.025131087265979922,-0.014485204525685955
cicero_g005_p001_AUSTRIA,5,0,raw_deliberate_t1,raw,deliberate_t1,T1,B,1.0,0.9797943651592764,0.00040826767931666236,0.75,0.0625,0.3080726512657264,0.47876345592644115,0.6118687811057579,0.15064584308033005,0.7096774193548387,0.08428720083246616,0.06209173232068334,0.4783551882471245
cicero_g006_p009_TURKEY,6,1,raw_deliberate_t1,raw,deliberate_t1,T1,A,0.0,3.453295197731273e-07,1.1925247722673872e-13,0.0,0.0,0.7369421009907322,0.5430836602126345,0.635620536323786,0.4040134661965374,0.7741935483870968,0.5993756503642039,-1.1925247722673872e-13,0.5430836602125153
cicero_g008_p005_ITALY,8,3,raw_deliberate_t1,raw,deliberate_t1,T1,B,1.0,0.9999992726350525,5.29059766844132e-13,0.85,0.022500000000000006,0.7672789510911617,0.054159086605229896,0.7184779849954578,0.07925464493221769,0.7741935483870968,0.050988553590010414,0.022499999999470947,0.05415908660470083
cicero_g009_p001_ENGLAND,9,4,raw_deliberate_t1,raw,deliberate_t1,T1,B,1.0,0.984418072307764,0.0002427964706060707,0.85,0.022500000000000006,0.8098175126489959,0.03616937849501482,0.5971840665998759,0.16226067620101323,0.7096774193548387,0.08428720083246616,0.022257203529393935,0.03592658202440875
cicero_g010_p031_FRANCE,10,0,raw_deliberate_t1,raw,deliberate_t1,T1,B,1.0,0.8858104802125288,0.013039246429293268,0.85,0.022500000000000006,0.7860469775683023,0.04577589580765853,0.7429981066247346,0.06604997319847127,0.7096774193548387,0.08428720083246616,0.009460753570706738,0.03273664937836526
cicero_g011_p001_RUSSIA,11,1,raw_deliberate_t1,raw,deliberate_t1,T1,A,0.0,0.07581771898118345,0.005748326511509705,0.1,0.010000000000000002,0.7898664999662752,0.6238890877689739,0.9466599392746642,0.8961650406275109,0.7741935483870968,0.5993756503642039,0.004251673488490297,0.6181407612574642
cicero_g012_p005_RUSSIA,12,2,raw_deliberate_t1,raw,deliberate_t1,T1,B,1.0,0.9793781499954043,0.0004252606976120441,0.85,0.022500000000000006,0.7173101401904424,0.07991355683914735,0.8137425607735289,0.03469183366720257,0.75,0.0625,0.02207473930238796,0.0794882961415353
cicero_g013_p000_RUSSIA,13,3,raw_deliberate_t1,raw,deliberate_t1,T1,B,1.0,0.5850043015798347,0.17222142970724075,0.85,0.022500000000000006,0.7422433601928693,0.06643848536466292,0.8265632208614802,0.030080316357943712,0.7741935483870968,0.050988553590010414,-0.14972142970724073,-0.10578294434257783
cicero_g014_p000_RUSSIA,14,4,raw_deliberate_t1,raw,deliberate_t1,T1,B,1.0,0.9850130053269802,0.00022461000932912334,0.85,0.022500000000000006,0.8010271797430302,0.03959018320101242,0.7856836626271047,0.0459314924649327,0.7096774193548387,0.08428720083246616,0.022275389990670882,0.0393655731916833
cicero_g015_p001_ENGLAND,15,0,raw_deliberate_t1,raw,deliberate_t1,T1,B,1.0,0.9060280747756088,0.008830722730378578,0.85,0.022500000000000006,0.8522336003617249,0.021834908862058425,0.5889780983055176,0.16893900367254874,0.7096774193548387,0.08428720083246616,0.013669277269621428,0.013004186131679847
cicero_g016_p004_ITALY,16,1,raw_deliberate_t1,raw,deliberate_t1,T1,B,1.0,0.8227201348728782,0.03142815057949049,0.85,0.022500000000000006,0.8332283076257093,0.027812797377385044,0.8361480745760002,0.026847453465152007,0.7741935483870968,0.050988553590010414,-0.008928150579490486,-0.0036153532021054487
cicero_g017_p001_FRANCE,17,2,raw_deliberate_t1,raw,deliberate_t1,T1,B,1.0,0.7381336961573141,0.06857396108822991,0.85,0.022500000000000006,0.7333177792699935,0.07111940685348789,0.7294707172788931,0.07318609280959658,0.75,0.0625,-0.046073961088229906,0.0025454457652579754
cicero_g018_p001_ENGLAND,18,3,raw_deliberate_t1,raw,deliberate_t1,T1,B,1.0,0.9679865577764323,0.0010248604830017088,0.85,0.022500000000000006,0.7654663235788477,0.05500604537562177,0.6086109112484729,0.15318541879375078,0.7741935483870968,0.050988553590010414,0.021475139516998296,0.05398118489262006
cicero_g019_p007_RUSSIA,19,4,raw_deliberate_t1,raw,deliberate_t1,T1,B,1.0,0.8411959656718306,0.025218721318902394,0.75,0.0625,0.7419809557499931,0.06657382719568701,0.6614420697165729,0.11462147215779786,0.7096774193548387,0.08428720083246616,0.03728127868109761,0.04135510587678462
cicero_g020_p001_ITALY,20,0,raw_deliberate_t1,raw,deliberate_t1,T1,B,1.0,0.7026413276766978,0.08842218000587698,0.85,0.022500000000000006,0.6659154256757941,0.11161250280138586,0.5107720217113909,0.23934401474035977,0.7096774193548387,0.08428720083246616,-0.06592218000587698,0.02319032279550888
cicero_g021_p003_FRANCE,21,1,raw_deliberate_t1,raw,deliberate_t1,T1,B,1.0,0.10178982592689341,0.8067815168084403,0.85,0.022500000000000006,0.8056474708615591,0.03777290558250853,0.7567928219431245,0.059149731458388755,0.7741935483870968,0.050988553590010414,-0.7842815168084404,-0.7690086112259318
cicero_g022_p008_ENGLAND,22,2,raw_deliberate_t1,raw,deliberate_t1,T1,B,1.0,0.994194825673332,3.370004896300585e-05,0.85,0.022500000000000006,0.7274465588425681,0.07428537828675767,0.7409332251564892,0.06711559382781833,0.75,0.0625,0.022466299951037,0.07425167823779466
cicero_g023_p009_ITALY,23,3,raw_deliberate_t1,raw,deliberate_t1,T1,A,0.0,0.0026609607758089075,7.080712250393543e-06,0.1,0.010000000000000002,0.7656117766606328,0.5861613925614507,0.6711143404431312,0.45039445794841904,0.7741935483870968,0.5993756503642039,0.009992919287749608,0.5861543118492003
cicero_g024_p005_FRANCE,24,4,raw_deliberate_t1,raw,deliberate_t1,T1,B,1.0,0.8864024524956823,0.01290440279899572,0.75,0.0625,0.8025802138503149,0.03897457196338741,0.6270747143139105,0.13907326870405148,0.7096774193548387,0.08428720083246616,0.04959559720100428,0.026070169164391692
cicero_g025_p001_ENGLAND,25,0,raw_deliberate_t1,raw,deliberate_t1,T1,B,1.0,0.911632502022418,0.007808814698817964,0.85,0.022500000000000006,0.7972635727902141,0.04110205891778882,0.6036391240582533,0.15710194397730876,0.7096774193548387,0.08428720083246616,0.014691185301182042,0.033293244218970855
cicero_g026_p003_GERMANY,26,1,raw_deliberate_t1,raw,deliberate_t1,T1,B,1.0,0.999987482217791,1.566948714321936e-10,0.75,0.0625,0.8243826134608253,0.030841466454849895,0.6497058216958735,0.12270601135376313,0.7741935483870968,0.050988553590010414,0.06249999984330513,0.030841466298155023
cicero_g027_p003_AUSTRIA,27,2,raw_deliberate_t1,raw,deliberate_t1,T1,A,0.0,0.0016969293998569935,2.879569388099016e-06,0.1,0.010000000000000002,0.7101195726643974,0.5042698074810664,0.734318650833014,0.5392238809612179,0.75,0.5625,0.009997120430611904,0.5042669279116784
cicero_g028_p003_GERMANY,28,3,raw_deliberate_t1,raw,deliberate_t1,T1,B,1.0,0.018756372328247072,0.9628390568464216,0.75,0.0625,0.755851573021572,0.05960845439604078,0.6861212055085938,0.09851989763137842,0.7741935483870968,0.050988553590010414,-0.9003390568464216,-0.9032306024503808
cicero_g029_p018_RUSSIA,29,4,raw_deliberate_t1,raw,deliberate_t1,T1,B,1.0,0.6658116541813847,0.11168185048098243,0.85,0.022500000000000006,0.6746360359991254,0.10586170907036245,0.8091199846636146,0.03643518025481874,0.7096774193548387,0.08428720083246616,-0.08918185048098243,-0.005820141410619983
cicero_g030_p001_RUSSIA,30,0,raw_deliberate_t1,raw,deliberate_t1,T1,B,1.0,0.19335126631965818,0.650682179548099,0.85,0.022500000000000006,0.6660353826938279,0.111532365612458,0.8492906896841583,0.02271329621587666,0.7096774193548387,0.08428720083246616,-0.6281821795480991,-0.539149813935641
cicero_g031_p012_FRANCE,31,1,raw_deliberate_t1,raw,deliberate_t1,T1,B,1.0,0.999721169695457,7.774633873154749e-08,0.85,0.022500000000000006,0.8275437329873472,0.029741164031939406,0.5213370905219327,0.2291181809100085,0.7741935483870968,0.050988553590010414,0.022499922253661275,0.029741086285600675
cicero_g032_p003_AUSTRIA,32,2,raw_deliberate_t1,raw,deliberate_t1,T1,A,0.0,0.0016832025592662906,2.8331708555205903e-06,0.0,0.0,0.6964584741971297,0.48505440628099394,0.6674185179219156,0.44544747806508644,0.75,0.5625,-2.8331708555205903e-06,0.4850515731101384
cicero_g033_p009_AUSTRIA,33,3,raw_deliberate_t1,raw,deliberate_t1,T1,A,0.0,3.811617680049073e-07,1.4528429338862678e-13,0.1,0.010000000000000002,0.7286716320194478,0.5309623473098856,0.7227701886620562,0.5223967456185844,0.7741935483870968,0.5993756503642039,0.009999999999854717,0.5309623473097402
cicero_g034_p004_ENGLAND,34,4,raw_deliberate_t1,raw,deliberate_t1,T1,B,1.0,0.7553323947770036,0.059862237045555995,0.85,0.022500000000000006,0.8681041969224896,0.017396502869461393,0.6315724448127633,0.13573886342124433,0.7096774193548387,0.08428720083246616,-0.03736223704555599,-0.0424657341760946
cicero_g035_p003_ITALY,35,0,raw_deliberate_t1,raw,deliberate_t1,T1,B,1.0,0.8892348072844689,0.012268927917308742,0.85,0.022500000000000006,0.6391617214315012,0.13020426328027757,0.5366556436541481,0.2146879925575518,0.7096774193548387,0.08428720083246616,0.010231072082691264,0.11793533536296882
cicero_g036_p001_ENGLAND,36,1,raw_deliberate_t1,raw,deliberate_t1,T1,B,1.0,0.9999999724309224,7.600540384132756e-16,0.85,0.022500000000000006,0.8367711263524431,0.026643665192250095,0.4862301222662886,0.26395948726651275,0.7741935483870968,0.050988553590010414,0.022499999999999246,0.026643665192249335
cicero_g037_p009_ITALY,37,2,raw_deliberate_t1,raw,deliberate_t1,T1,B,1.0,0.9263347301558603,0.005426571981209915,0.75,0.0625,0.7221321779485602,0.0772105265316106,0.6532224972951517,0.12025463638221108,0.75,0.0625,0.05707342801879008,0.0717839545504007
cicero_g038_p001_TURKEY,38,3,raw_deliberate_t1,raw,deliberate_t1,T1,A,0.0,6.771417091375028e-05,4.585208942536585e-09,0.05,0.0025000000000000005,0.7215681011238265,0.5206605245594448,0.6613640923700642,0.4374024626764788,0.7741935483870968,0.5993756503642039,0.002499995414791058,0.5206605199742358
cicero_g039_p001_ENGLAND,39,4,raw_deliberate_t1,raw,deliberate_t1,T1,A,0.0,0.003801876885145069,1.4454267849800371e-05,0.1,0.010000000000000002,0.8158093606757563,0.6655449129661862,0.7382901403270459,0.5450723313041291,0.7096774193548387,0.5036420395421437,0.009985545732150202,0.6655304586983364
cicero_g000_p014_ENGLAND,0,0,compact_deliberate_t1,compact,deliberate_t1,T1,B,1.0,0.2632589252924971,0.5427874111611665,0.85,0.022500000000000006,0.832359643546555,0.028103289111838098,0.8998111079880905,0.010037814082574063,0.78125,0.0478515625,-0.5202874111611665,-0.5146841220493283
cicero_g001_p003_ITALY,1,1,compact_deliberate_t1,compact,deliberate_t1,T1,B,1.0,0.9864000438420455,0.00018495880749828472,0.65,0.12249999999999998,0.6766113082893992,0.10458024592629402,0.6620045569686621,0.11424091950995037,0.71875,0.0791015625,0.1223150411925017,0.10439528711879573
cicero_g002_p003_RUSSIA,2,2,compact_deliberate_t1,compact,deliberate_t1,T1,A,0.0,0.00010277888105977895,1.0563498391900188e-08,0.3,0.09,0.7583307663939796,0.5750655512596804,0.9585532212381199,0.9188242779459761,0.78125,0.6103515625,0.0899999894365016,0.575065540696182
cicero_g003_p001_ENGLAND,3,3,compact_deliberate_t1,compact,deliberate_t1,T1,B,1.0,0.9378756555428296,0.0038594341742331597,0.85,0.022500000000000006,0.7387836335660484,0.0682339900929565,0.600060316669824,0.15995175030224149,0.75,0.0625,0.018640565825766845,0.06437455591872333
cicero_g004_p010_GERMANY,4,4,compact_deliberate_t1,compact,deliberate_t1,T1,B,1.0,0.2338721101229065,0.5869519436475279,0.85,0.022500000000000006,0.7726939682210024,0.05166803208311464,0.8159021886354079,0.03389200414923295,0.71875,0.0791015625,-0.5644519436475279,-0.5352839115644132
cicero_g005_p001_AUSTRIA,5,0,compact_deliberate_t1,compact,deliberate_t1,T1,B,1.0,0.19589628952362895,0.6465827772018676,0.75,0.0625,0.6582398434845843,0.11680000458144144,0.36533690175406397,0.40279724827513064,0.78125,0.0478515625,-0.5840827772018676,-0.5297827726204262
cicero_g006_p009_TURKEY,6,1,compact_deliberate_t1,compact,deliberate_t1,T1,A,0.0,3.445541746333135e-05,1.1871757925724387e-09,0.1,0.010000000000000002,0.6614022782711195,0.4374529737022274,0.3986022540426519,0.1588837569278828,0.71875,0.5166015625,0.009999998812824209,0.4374529725150516
cicero_g007_p001_FRANCE,7,2,compact_deliberate_t1,compact,deliberate_t1,T1,B,1.0,0.5965564022270723,0.16276673658396387,0.85,0.022500000000000006,0.7835445512257049,0.0468529613040815,0.651815275269352,0.12123260253575711,0.78125,0.0478515625,-0.14026673658396388,-0.11591377527988236
cicero_g008_p005_ITALY,8,3,compact_deliberate_t1,compact,deliberate_t1,T1,B,1.0,0.885053586099301,0.013212678068630818,0.85,0.022500000000000006,0.7318106367162495,0.07192553457854352,0.7641910451176803,0.055605863202691876,0.75,0.0625,0.009287321931369188,0.0587128565099127
cicero_g009_p001_ENGLAND,9,4,compact_deliberate_t1,compact,deliberate_t1,T1,B,1.0,0.9884757944381573,0.00013280731383160735,0.85,0.022500000000000006,0.7074744978069134,0.08557116943331751,0.6532772091760585,0.12021669367674272,0.71875,0.0791015625,0.022367192686168397,0.0854383621194859
cicero_g010_p031_FRANCE,10,0,compact_deliberate_t1,compact,deliberate_t1,T1,B,1.0,0.9713970084073796,0.0008181311280475112,0.85,0.022500000000000006,0.8889974307368684,0.01232157038301632,0.8904763039315079,0.011995440000503434,0.78125,0.0478515625,0.021681868871952496,0.011503439254968809
cicero_g011_p001_RUSSIA,11,1,compact_deliberate_t1,compact,deliberate_t1,T1,B,1.0,0.8519239621619743,0.021926512981808418,0.85,0.022500000000000006,0.70935491220659,0.08447456705843902,0.8302378264183885,0.028819195579153193,0.71875,0.0791015625,0.0005734870181915881,0.0625480540766306
cicero_g012_p005_RUSSIA,12,2,compact_deliberate_t1,compact,deliberate_t1,T1,B,1.0,0.9676217469603328,0.0010483512699007208,0.85,0.022500000000000006,0.771454131942207,0.05223321380629012,0.8311080045342942,0.028524506132387977,0.78125,0.0478515625,0.021451648730099287,0.051184862536389396
cicero_g013_p000_RUSSIA,13,3,compact_deliberate_t1,compact,deliberate_t1,T1,B,1.0,0.9952538656287049,2.252579147038891e-05,0.85,0.022500000000000006,0.743115560076368,0.06598961547487808,0.8785153027320043,0.014758531670296565,0.75,0.0625,0.022477474208529618,0.0659670896834077
cicero_g014_p000_RUSSIA,14,4,compact_deliberate_t1,compact,deliberate_t1,T1,B,1.0,0.8657570795587602,0.018021161688593027,0.85,0.022500000000000006,0.7471110554814826,0.06395281825968978,0.7839440140874087,0.04668018904866187,0.71875,0.0791015625,0.004478838311406979,0.045931656571096754
cicero_g015_p001_ENGLAND,15,0,compact_deliberate_t1,compact,deliberate_t1,T1,A,0.0,0.013078137715357223,0.00017103768610184905,0.1,0.010000000000000002,0.868173980349361,0.7537260601556527,0.794878767394096,0.6318322548539574,0.78125,0.6103515625,0.009828962313898152,0.7535550224695509
cicero_g016_p004_ITALY,16,1,compact_deliberate_t1,compact,deliberate_t1,T1,B,1.0,0.9397855706667303,0.003625777499931331,0.85,0.022500000000000006,0.7081070773526233,0.08520147829162741,0.7569168983367167,0.059089394314242115,0.71875,0.0791015625,0.018874222500068677,0.08157570079169608
cicero_g017_p001_FRANCE,17,2,compact_deliberate_t1,compact,deliberate_t1,T1,A,0.0,0.009380526057299114,8.799426911166765e-05,0.0,0.0,0.7864527239264568,0.6185078869713437,0.9799308185432049,0.9602644091307555,0.78125,0.6103515625,-8.799426911166765e-05,0.6184198927022321
cicero_g018_p001_ENGLAND,18,3,compact_deliberate_t1,compact,deliberate_t1,T1,B,1.0,0.9882400758611914,0.0001382958157505321,0.85,0.022500000000000006,0.7381849736769754,0.06854710800852604,0.5836283837840853,0.17336532279025293,0.75,0.0625,0.022361704184249473,0.0684088121927755
cicero_g019_p007_RUSSIA,19,4,compact_deliberate_t1,compact,deliberate_t1,T1,B,1.0,0.4392035900435972,0.3144926134199898,0.85,0.022500000000000006,0.7465025444856767,0.06426095995223634,0.6873511615091127,0.09774929620970094,0.71875,0.0791015625,-0.2919926134199898,-0.25023165346775345
cicero_g020_p001_ITALY,20,0,compact_deliberate_t1,compact,deliberate_t1,T1,A,0.0,0.001222509464102991,1.494529389821382e-06,0.1,0.010000000000000002,0.8313082686373543,0.6910734375048356,0.6020864763093016,0.36250812495455115,0.78125,0.6103515625,0.00999850547061018,0.6910719429754458
cicero_g021_p003_FRANCE,21,1,compact_deliberate_t1,compact,deliberate_t1,T1,B,1.0,0.9479462738108008,0.0027095904101801264,0.85,0.022500000000000006,0.7089737599077552,0.0846962724222289,0.6514983215743289,0.1214534198655099,0.71875,0.0791015625,0.01979040958981988,0.08198668201204877
cicero_g022_p008_ENGLAND,22,2,compact_deliberate_t1,compact,deliberate_t1,T1,B,1.0,0.9295494021084264,0.004963286743280194,0.85,0.022500000000000006,0.772700404405347,0.05166510615749278,0.9350657025566746,0.004216462984458249,0.78125,0.0478515625,0.01753671325671981,0.046701819414212586
cicero_g023_p009_ITALY,23,3,compact_deliberate_t1,compact,deliberate_t1,T1,B,1.0,0.9341635305077916,0.0043344407151984935,0.85,0.022500000000000006,0.738971272554415,0.06813599655186152,0.6877881035106896,0.09747626830945184,0.75,0.0625,0.018165559284801513,0.06380155583666303
cicero_g024_p005_FRANCE,24,4,compact_deliberate_t1,compact,deliberate_t1,T1,B,1.0,0.9491565589130418,0.0025850555015629845,0.85,0.022500000000000006,0.7424609149177515,0.06632638034500166,0.6687469147270446,0.10972860650285185,0.71875,0.0791015625,0.01991494449843702,0.06374132484343867
cicero_g025_p001_ENGLAND,25,0,compact_deliberate_t1,compact,deliberate_t1,T1,B,1.0,0.9403320760472519,0.0035602611488309323,0.85,0.022500000000000006,0.8616710280119467,0.01913490449127163,0.8104960577662292,0.03591174412214033,0.78125,0.0478515625,0.018939738851169074,0.015574643342440696
cicero_g026_p003_GERMANY,26,1,compact_deliberate_t1,compact,deliberate_t1,T1,B,1.0,0.025382997713171988,0.9498783011465629,0.75,0.0625,0.7018901298866734,0.08886949465898444,0.5695089826897429,0.18532251598482005,0.71875,0.0791015625,-0.8873783011465629,-0.8610088064875785
cicero_g027_p003_AUSTRIA,27,2,compact_deliberate_t1,compact,deliberate_t1,T1,B,1.0,0.5653056254258708,0.18895919928639332,0.85,0.022500000000000006,0.7558707850155313,0.05959907360893294,0.5250439637523026,0.22558323636812408,0.78125,0.0478515625,-0.1664591992863933,-0.12936012567746039
cicero_g028_p003_GERMANY,28,3,compact_deliberate_t1,compact,deliberate_t1,T1,B,1.0,0.981185566117644,0.000353982922313547,0.85,0.022500000000000006,0.7279923342979806,0.07398817020066153,0.7021713611858975,0.08870189809786111,0.75,0.0625,0.02214601707768646,0.07363418727834799
cicero_g029_p018_RUSSIA,29,4,compact_deliberate_t1,compact,deliberate_t1,T1,B,1.0,0.9507086107449786,0.0024296410546900404,0.85,0.022500000000000006,0.7715912959227433,0.052170536098251806,0.8094163038264193,0.03632214524718373,0.71875,0.0791015625,0.020070358945309966,0.049740895043561766
cicero_g030_p001_RUSSIA,30,0,compact_deliberate_t1,compact,deliberate_t1,T1,B,1.0,0.2870168503572382,0.508344971674513,0.85,0.022500000000000006,0.7573315227865923,0.05888798983307416,0.8809144605385032,0.014181365708835712,0.78125,0.0478515625,-0.48584497167451296,-0.44945698184143884
cicero_g031_p012_FRANCE,31,1,compact_deliberate_t1,compact,deliberate_t1,T1,B,1.0,0.711049607328577,0.08349232942496952,0.85,0.022500000000000006,0.7205053840890991,0.078117240323182,0.6600257359585068,0.11558250021055495,0.71875,0.0791015625,-0.060992329424969516,-0.005375089101787522
cicero_g032_p003_AUSTRIA,32,2,compact_deliberate_t1,compact,deliberate_t1,T1,A,0.0,5.827289496722184e-05,3.3957302878608684e-09,0.1,0.010000000000000002,0.7381084141063727,0.5448040309746246,0.5620528299276888,0.3159033836297235,0.78125,0.6103515625,0.009999996604269715,0.5448040275788943
cicero_g033_p009_AUSTRIA,33,3,compact_deliberate_t1,compact,deliberate_t1,T1,A,0.0,0.001019297593701611,1.0389675845258945e-06,0.3,0.09,0.7380529074210689,0.5447220941526929,0.7870662667799817,0.6194733083029773,0.75,0.5625,0.08999896103241548,0.5447210551851084
cicero_g034_p004_ENGLAND,34,4,compact_deliberate_t1,compact,deliberate_t1,T1,A,0.0,0.011791440837733053,0.00013903807702975876,0.1,0.010000000000000002,0.8764763500240186,0.768210792151426,0.7691744339372223,0.5916293098226464,0.71875,0.5166015625,0.009860961922970243,0.7680717540743962
cicero_g035_p003_ITALY,35,0,compact_deliberate_t1,compact,deliberate_t1,T1,A,0.0,0.0015535507745404326,2.413520009075178e-06,0.05,0.0025000000000000005,0.7778088013791301,0.6049865315028391,0.4401415032879048,0.1937245429165367,0.78125,0.6103515625,0.0024975864799909255,0.60498411798283
cicero_g036_p001_ENGLAND,36,1,compact_deliberate_t1,compact,deliberate_t1,T1,B,1.0,0.8316452358051251,0.028343326627111944,0.85,0.022500000000000006,0.7056280683436215,0.08665483414710759,0.6231486860119532,0.14201691285451745,0.71875,0.0791015625,-0.005843326627111938,0.05831150751999564
cicero_g037_p009_ITALY,37,2,compact_deliberate_t1,compact,deliberate_t1,T1,B,1.0,0.9431427059700783,0.0032327518844049675,0.75,0.0625,0.7612519540709354,0.05700062943494675,0.4566643695768573,0.29521360728731394,0.78125,0.0478515625,0.059267248115595035,0.053767877550541784
cicero_g038_p001_TURKEY,38,3,compact_deliberate_t1,compact,deliberate_t1,T1,A,0.0,0.00281448737864116,7.92133920453039e-06,0.05,0.0025000000000000005,0.7126665199966379,0.5078935687241183,0.5777217382701552,0.33376240686988967,0.75,0.5625,0.00249207866079547,0.5078856473849137
cicero_g039_p001_ENGLAND,39,4,compact_deliberate_t1,compact,deliberate_t1,T1,B,1.0,0.983782629581872,0.0002630031032787727,0.85,0.022500000000000006,0.8566467676724961,0.020550149218743295,0.6735319221933469,0.1065814058267709,0.71875,0.0791015625,0.022236996896721234,0.020287146115464522
