message_event_sequence,pid,phase,sender,recipient,message,time_sent,pairing_mode,planner_event_sequence,planner_call_id,planner_lag_seconds,agent_action_count,agent_top_orders,agent_top_probability,agent_entropy,bp_top_orders,bp_top_probability,agent_bp_total_variation
14,206556,S1901M,ITALY,AUSTRIA,Hey Austria! Just wanted to check in and let you know I'm interested in working together. Do you have any preferences as to how we start?,60201,exact_sender_recipient_phase,3,run_bilateral_search_with_conditional_evs-206556-2,4.961148738861084,11,A ROM - APU | A VEN H | F NAP - ION,0.48836307231417025,1.5615838647060571,A ROM - APU | A VEN H | F NAP - ION,0.3122514439329085,0.17611162838126182
27,206556,S1901M,ITALY,GERMANY,Hey Germany! Just wanted to check in and let you know I'm interested in working together. Would you like to agree to keep Tyrolia empty?,71093,exact_sender_recipient_phase,22,run_bilateral_search_with_conditional_evs-206556-12,4.564282655715942,11,A ROM - APU | A VEN H | F NAP - ION,0.5063117607831636,1.558315976820988,A ROM - APU | A VEN H | F NAP - ION,0.3122514439329085,0.21245039395376045
40,206556,S1901M,FRANCE,GERMANY,Hey Germany! How do you want to handle Burgundy and Belgium?,75101,exact_sender_recipient_phase,33,run_bilateral_search_with_conditional_evs-206556-18,5.360295057296753,11,A MAR S A PAR - BUR | A PAR - BUR | F BRE - MAO,0.4178157269496583,1.71414447813275,A MAR S A PAR - BUR | A PAR - BUR | F BRE - MAO,0.4777230923442091,0.07094000164251818
53,206556,S1901M,AUSTRIA,ITALY,"Hey Italy, thank you for reaching out! I think the AI is the strongest alliance in the game, so I'm super down for working together. I'm always open to attacking Turkey if you're down for it?",79301,exact_sender_recipient_phase,48,run_bilateral_search_with_conditional_evs-206556-26,12.32983922958374,10,A BUD - SER | A VIE - GAL | F TRI - ALB,0.6976404323710153,1.112349375419757,A BUD - SER | A VIE - GAL | F TRI - ALB,0.6366221298419852,0.08986247720256879
66,206556,S1901M,FRANCE,ENGLAND,Hey England! How do you want to handle the channel? My preference is always to DMZ and then make moves elsewhere. Let me know!,80503,exact_sender_recipient_phase,57,run_bilateral_search_with_conditional_evs-206556-31,6.106893539428711,11,A MAR S A PAR - BUR | A PAR - BUR | F BRE - MAO,0.621310124219413,1.4130904505538358,A MAR S A PAR - BUR | A PAR - BUR | F BRE - MAO,0.4777230923442091,0.15286883261305656
79,206556,S1901M,TURKEY,RUSSIA,Hey Russia! What are your thoughts on the Jug?,82301,exact_sender_recipient_phase,78,run_bilateral_search_with_conditional_evs-206556-42,4.02740740776062,9,A CON - BUL | A SMY - CON | F ANK - BLA,0.8336710805153111,0.6241336682815469,A CON - BUL | A SMY - CON | F ANK - BLA,0.8237852643532738,0.026270980863651986
92,206556,S1901M,AUSTRIA,RUSSIA,"Hey Russia, good luck for the game! I'm a big fan of the AR, I think it's quite powerful. How would you feel about working together? I'm also ok with a bounce in Galicia?",89026,exact_sender_recipient_phase,89,run_bilateral_search_with_conditional_evs-206556-48,5.416555166244507,10,A BUD - SER | A VIE - GAL | F TRI - ALB,0.885274270049335,0.5310426593805562,A BUD - SER | A VIE - GAL | F TRI - ALB,0.8646888635698865,0.022404554554649885
105,206556,S1901M,RUSSIA,AUSTRIA,"Hey Austria, thanks for the message! I'm a big fan of the AR as well, and I think it's a better alliance than the Juggernaut for Russia. Would you be down to play something like that?

I'm happy to bounce in Gal, and if that works out I'd love to coordinate closely on other ways we could expand!",91226,exact_sender_recipient_phase,94,run_bilateral_search_with_conditional_evs-206556-51,7.158741474151611,12,A MOS - UKR | A WAR - GAL | F SEV - BLA | F STP/SC - BOT,0.6681987796906729,1.2827178629916842,A MOS - UKR | A WAR - GAL | F SEV - BLA | F STP/SC - BOT,0.7773673715059294,0.11604051500378126
118,206556,S1901M,AUSTRIA,TURKEY,"Hey Turkey, good luck for the game! Not sure how you feel about your neighbours, but I'm always open to working together. What are you thinking of doing with Russia?",94555,exact_sender_recipient_phase,117,run_bilateral_search_with_conditional_evs-206556-63,14.187351942062378,10,A BUD - SER | A VIE - GAL | F TRI - ALB,0.837585981639775,0.7004357069326557,A BUD - SER | A VIE - GAL | F TRI - ALB,0.8646888635698865,0.027102881930111428
131,206556,S1901M,FRANCE,ITALY,Hey Italy! I hope we can leave each other alone and focus elsewhere. Let me know if there's any way I can assist!,99422,exact_sender_recipient_phase,126,run_bilateral_search_with_conditional_evs-206556-68,5.3073248863220215,13,A MAR S A PAR - BUR | A PAR - BUR | F BRE - MAO,0.5634484305056813,1.538498570995437,A MAR S A PAR - BUR | A PAR - BUR | F BRE - MAO,0.4720940255984441,0.09640484238825556
144,206556,S1901M,RUSSIA,GERMANY,"Hey Germany, good luck for the game! I hope we can get off to a good start together. I would hope that you'd let me into Sweden in 01 - it will help us avoid tension in Scandinavia, and I'd be happy to coordinate closely with you on ways to move forward.",99803,exact_sender_recipient_phase,139,run_bilateral_search_with_conditional_evs-206556-75,18.507807970046997,12,A MOS - UKR | A WAR - GAL | F SEV - BLA | F STP/SC - BOT,0.7842348263634323,0.8414121968664525,A MOS - UKR | A WAR - GAL | F SEV - BLA | F STP/SC - BOT,0.8447165823912551,0.06336255870223399
157,206556,S1901M,AUSTRIA,GERMANY,"Hey Germany, good luck for the game! I'm a big believer in the central powers sticking together - let me know how your chats go with Russia, and if you ever decide to open east!",104327,exact_sender_recipient_phase,150,run_bilateral_search_with_conditional_evs-206556-81,5.7615063190460205,10,A BUD - SER | A VIE - GAL | F TRI - ALB,0.9273462271691388,0.3802932994274775,A BUD - SER | A VIE - GAL | F TRI - ALB,0.8646888635698865,0.06265736359925234
170,206556,S1901M,GERMANY,ITALY,Sure! I think both Austria and I are down to keep that a DMZ as well,108427,exact_sender_recipient_phase,165,run_bilateral_search_with_conditional_evs-206556-89,6.759396314620972,11,A BER - KIE | A MUN - RUH | F KIE - DEN,0.7539696243650679,0.8393376745302967,A BER - KIE | A MUN - RUH | F KIE - DEN,0.7612982152615386,0.018814975352474537
183,206556,S1901M,RUSSIA,ENGLAND,"Hey England, good luck for the game! I hope we can get off to a good start together - are you happy to agree to no armies in Scandinavia? I'll see how my relationship with Germany shapes up, but if you don't open to the Norwegian Sea I'm happy to avoid a northern opening in exchange for you using a fleet to capture Norway instead of an army.",108557,exact_sender_recipient_phase,174,run_bilateral_search_with_conditional_evs-206556-94,7.19353723526001,12,A MOS - UKR | A WAR - GAL | F SEV - BLA | F STP/SC - BOT,0.8580926863295623,0.6391502252130453,A MOS - UKR | A WAR - GAL | F SEV - BLA | F STP/SC - BOT,0.8447165823912551,0.017831818827856716
196,206556,S1901M,RUSSIA,ITALY,"Hey Italy, good luck for the game! I think we make natural allies - what are your thoughts on our shared neighbours? Would you be open to coordinating on our early plans?",112216,exact_sender_recipient_phase,193,run_bilateral_search_with_conditional_evs-206556-104,5.687672138214111,13,A MOS - UKR | A WAR - GAL | F SEV - BLA | F STP/SC - BOT,0.8196298305009402,0.7642258424107342,A MOS - UKR | A WAR - GAL | F SEV - BLA | F STP/SC - BOT,0.8434847326795196,0.034019094637784436
225,206556,S1901M,AUSTRIA,RUSSIA,"Absolutely! Glad to hear it, it really is my favourite. So, my natural expansion will be to Serbia and Greece (and then hopefully Bulgaria if Italy isn't causing me problems). You can have Romania in 1901 of course, and then hopefully we can both move on to Bulgaria and Constantinople?",112808,exact_sender_recipient_phase,224,run_bilateral_search_with_conditional_evs-206556-120,1.280432939529419,10,A BUD - SER | A VIE - GAL | F TRI - ALB,0.9803349867182402,0.12056723772523971,A BUD - SER | A VIE - GAL | F TRI - ALB,0.9734282541741816,0.0069312740052154135
254,206556,S1901M,GERMANY,RUSSIA,"Hello Russia! Good luck to you as well. I have no problem letting you take Sweden, as I would like to start out as friends. Are you planning on focusing on the North or the South?",113511,exact_sender_recipient_phase,253,run_bilateral_search_with_conditional_evs-206556-135,2.271775484085083,11,A BER - KIE | A MUN - RUH | F KIE - DEN,0.6541672118133299,1.0053060282090733,A BER - KIE | A MUN - RUH | F KIE - DEN,0.7275489084263741,0.07380708748712288
267,206556,S1901M,RUSSIA,FRANCE,"Hey France, good luck for the game! I think we make natural allies - what are your thoughts on our shared neighbours? Would you be open to coordinating our early plans in some capacity?",115429,exact_sender_recipient_phase,260,run_bilateral_search_with_conditional_evs-206556-139,8.066160678863525,13,A MOS - UKR | A WAR - GAL | F SEV - BLA | F STP/SC - BOT,0.8049239301929654,0.8082817149628454,A MOS - UKR | A WAR - GAL | F SEV - BLA | F STP/SC - BOT,0.8434847326795196,0.038960685354358864
296,206556,S1901M,ITALY,RUSSIA,Hey Russia! Good luck to you as well. I agree that we are natural allies and am very interested in working together. Any thoughts on our initial neighbors?,116116,exact_sender_recipient_phase,295,run_bilateral_search_with_conditional_evs-206556-157,3.2598392963409424,11,A ROM - APU | A VEN H | F NAP - ION,0.6395482986340864,1.2535631558811564,A ROM - APU | A VEN H | F NAP - ION,0.718839328687338,0.10017665207376694
325,206556,S1901M,RUSSIA,ITALY,I don't have anything firm yet - Turkey has asked about the possibility of a Jug but that's all I've gotten from them so far. How about you?,123495,exact_sender_recipient_phase,324,run_bilateral_search_with_conditional_evs-206556-172,1.4687879085540771,13,A MOS - UKR | A WAR - GAL | F SEV - BLA | F STP/SC - BOT,0.5174265957983913,1.3611185738472487,A MOS - UKR | A WAR - GAL | F SEV - BLA | F STP/SC - BOT,0.6664677329216835,0.1530744583969646
354,206556,S1901M,GERMANY,AUSTRIA,Hello Austria! Good luck to you as well. A central alliance would be very beneficial to me so I would love to be friends. Currently Russia and I are just discussing how we should handle Sweden,124994,exact_sender_recipient_phase,353,run_bilateral_search_with_conditional_evs-206556-187,1.7482807636260986,11,A BER - KIE | A MUN - RUH | F KIE - DEN,0.7907326320836349,0.7580079885754123,A BER - KIE | A MUN - RUH | F KIE - DEN,0.756293339064675,0.03451750407711013
383,206556,S1901M,RUSSIA,TURKEY,"Hey Turkey, good luck for the game! I'm absolutely up for a Jug - how would you want to proceed with that?",127595,exact_sender_recipient_phase,382,run_bilateral_search_with_conditional_evs-206556-202,0.7129237651824951,13,A MOS - UKR | A WAR - GAL | F SEV - BLA | F STP/SC - BOT,0.6609647281062266,1.0286901986416752,A MOS - UKR | A WAR - GAL | F SEV - BLA | F STP/SC - BOT,0.7424247703049016,0.08312048428793323
412,206556,S1901M,ITALY,AUSTRIA,"I'm glad to hear it. If you're down to work together, I think taking out Turkey is a great way to start.",127895,exact_sender_recipient_phase,411,run_bilateral_search_with_conditional_evs-206556-217,1.6723756790161133,11,A ROM - APU | A VEN H | F NAP - ION,0.9003996723965698,0.5068960969471943,A ROM - APU | A VEN H | F NAP - ION,0.8186414138580392,0.08175825853853044
425,206556,S1901M,AUSTRIA,FRANCE,"Hey France, good luck for the game! Not sure we can do a ton for each other at the moment, but let me know if you think we might be able to work together on anything?",127930,exact_sender_recipient_phase,416,run_bilateral_search_with_conditional_evs-206556-220,5.648776054382324,10,A BUD - SER | A VIE - GAL | F TRI - ALB,0.8377077555447358,0.7140813163333437,A BUD - SER | A VIE - GAL | F TRI - ALB,0.8646888635698865,0.04243345883168493
454,206556,S1901M,FRANCE,AUSTRIA,Absolutely! Good luck to you as well. Hopefully we'll have the chance to work together soon,132930,exact_sender_recipient_phase,453,run_bilateral_search_with_conditional_evs-206556-239,2.7000129222869873,11,A MAR - SPA | A PAR - BUR | F BRE - MAO,0.30498048456022303,2.0011771391552577,A MAR - SPA | A PAR - PIC | F BRE - MAO,0.2541891654133875,0.10484870635146652
483,206556,S1901M,RUSSIA,GERMANY,"Thanks! Glad to hear it :)

I'm leaning towards the South, but I haven't decided yet - would you be able to commit to opening Kie-hol? That would go a long way to making me feel more secure!",132957,exact_sender_recipient_phase,482,run_bilateral_search_with_conditional_evs-206556-254,0.7531940937042236,13,A MOS - UKR | A WAR - GAL | F SEV - BLA | F STP/SC - BOT,0.8081897339472737,0.8200103773434748,A MOS - UKR | A WAR - GAL | F SEV - BLA | F STP/SC - BOT,0.849377796308559,0.046240643065776244
512,206556,S1901M,ITALY,FRANCE,Hey France! I would love nothing more than for us to leave each other alone and focus elsewhere. Can we agree to keep Pie empty?,133295,exact_sender_recipient_phase,511,run_bilateral_search_with_conditional_evs-206556-269,0.6766772270202637,11,A ROM - APU | A VEN H | F NAP - ION,0.6840262788389772,1.1557006764198734,A ROM - APU | A VEN H | F NAP - ION,0.7206132394448067,0.04844640662536097
541,206556,S1901M,ITALY,GERMANY,Glad to hear it!,136341,exact_sender_recipient_phase,540,run_bilateral_search_with_conditional_evs-206556-284,0.6604113578796387,11,A ROM - APU | A VEN H | F NAP - ION,0.8660183237530803,0.6505120729627193,A ROM - APU | A VEN H | F NAP - ION,0.7508052313952704,0.11521309235780974
570,206556,S1901M,AUSTRIA,ITALY,"Excellent! I'm going to head down for Serbia and Greece, and then hopefully try to take Bulgaria from there? It will depend a lot on how Russia is feeling but you should be able to get a strong fleet advantage by the end of the year.",136593,exact_sender_recipient_phase,569,run_bilateral_search_with_conditional_evs-206556-299,2.448509454727173,10,A BUD - SER | A VIE - GAL | F TRI - ALB,0.7660398110551245,0.854121066560767,A BUD - SER | A VIE - GAL | F TRI - ALB,0.7059534813107537,0.07314474625369166
599,206556,S1901M,AUSTRIA,GERMANY,"Excellent, let me know how it goes!",138167,exact_sender_recipient_phase,598,run_bilateral_search_with_conditional_evs-206556-314,0.7426891326904297,10,A BUD - SER | A VIE - GAL | F TRI - ALB,0.7347047254418456,0.895535570776068,A BUD - SER | A VIE - GAL | F TRI - ALB,0.570558329738137,0.1649432011414475
628,206556,S1901M,GERMANY,FRANCE,"Hey France! Good luck to you, I hope we can start off as friends. I think we can agree to keep Burgundy as a DMZ so neither of us feels threatened? As for Belgium, I think we can agree we don't want England taking it?",144506,exact_sender_recipient_phase,627,run_bilateral_search_with_conditional_evs-206556-329,0.6622769832611084,11,A BER - KIE | A MUN - RUH | F KIE - DEN,0.8305628180131199,0.6632501402323512,A BER - KIE | A MUN - RUH | F KIE - DEN,0.8279320382722332,0.009923539642538132
641,206556,S1901M,ENGLAND,FRANCE,Hey France! I'd love a DMZ if you're down,144657,exact_sender_recipient_phase,632,run_bilateral_search_with_conditional_evs-206556-332,6.634166717529297,11,A LVP - YOR | F EDI - NWG | F LON - NTH,0.4733898009958681,1.144078507856217,A LVP - YOR | F EDI - NWG | F LON - NTH,0.4878471016443961,0.014727155787530328
670,206556,S1901M,ENGLAND,RUSSIA,"Sounds good to me, gl!",147157,exact_sender_recipient_phase,669,run_bilateral_search_with_conditional_evs-206556-351,0.5659208297729492,11,A LVP - YOR | F EDI - NWG | F LON - NTH,0.43609769682949334,1.3090897840449545,A LVP - YOR | F EDI - NWG | F LON - NTH,0.4747983033557282,0.10793664498149315
683,206556,S1901M,ITALY,TURKEY,Hey Turkey! Just wanted to say good luck and let you know I'm always open to working together if you have any thoughts.,147547,exact_sender_recipient_phase,682,run_bilateral_search_with_conditional_evs-206556-358,8.072751522064209,11,A ROM - APU | A VEN H | F NAP - ION,0.2922042150138961,1.8287867322960054,A ROM - APU | A VEN H | F NAP - ION,0.31063499069956113,0.08707938184794493
712,206556,S1901M,TURKEY,AUSTRIA,"Hi Austria! I'm not sure yet, but I'm open to suggestions",149047,exact_sender_recipient_phase,711,run_bilateral_search_with_conditional_evs-206556-373,1.049316167831421,9,A CON - BUL | A SMY - CON | F ANK - BLA,0.8762875185711896,0.5350170284157919,A CON - BUL | A SMY - CON | F ANK - BLA,0.8476512435227377,0.03640559977007169
738,206556,S1901M,ITALY,ENGLAND,Hey England! Just wanted to say good luck and let you know I'm always open to working together if you have any thoughts. Let me know if there's any way I can help you out!,154109,exact_sender_recipient_phase,729,run_bilateral_search_with_conditional_evs-206556-383,7.092583894729614,12,A ROM - APU | A VEN H | F NAP - ION,0.2774749152366099,1.8183985720088847,A ROM - APU | A VEN H | F NAP - ION,0.30868258377060304,0.13894494365546353
751,206556,S1901M,GERMANY,ENGLAND,Hey England! Good luck to you. I hope we can start off as friends. Just checking in to see if you had any initial plans. If you are willing to focus on Scandinavia then I can make sure you're not getting any trouble from Russia,156831,exact_sender_recipient_phase,742,run_bilateral_search_with_conditional_evs-206556-390,8.373018026351929,11,A BER - KIE | A MUN - RUH | F KIE - DEN,0.7793337422675254,0.7794574111201156,A BER - KIE | A MUN - RUH | F KIE - DEN,0.805445503769646,0.03299047718654977
780,206556,S1901M,FRANCE,RUSSIA,I think we would be great allies! My current thought is to grab what I can in Iberia and not antagonize anyone too much in 1901. We can coordinate from there though. Do you have any immediate plans you want to discuss?,157792,exact_sender_recipient_phase,779,run_bilateral_search_with_conditional_evs-206556-409,1.7581851482391357,11,A MAR - SPA | A PAR - BUR | F BRE - MAO,0.30102028684878934,1.915721242118948,A MAR - SPA | A PAR - BUR | F BRE - MAO,0.253741813671998,0.07187742808096781
809,206556,S1901M,TURKEY,ITALY,Good luck to you too! Italy-turkey is a good alliance if the conditions are right. What are your thoughts on Austria?,159823,exact_sender_recipient_phase,808,run_bilateral_search_with_conditional_evs-206556-424,0.5761702060699463,9,A CON - BUL | A SMY - CON | F ANK - BLA,0.8738596794378879,0.5447569582812086,A CON - BUL | A SMY - CON | F ANK - BLA,0.8519493542809142,0.022917941084840264
838,206556,S1901M,ITALY,AUSTRIA,That sounds like a great start to me!,166753,exact_sender_recipient_phase,837,run_bilateral_search_with_conditional_evs-206556-439,0.6984663009643555,11,A ROM - APU | A VEN H | F NAP - ION,0.9647552480277846,0.18286797889526518,A ROM - APU | A VEN H | F NAP - ION,0.9479698218185212,0.016911811831434777
867,206556,S1901M,RUSSIA,AUSTRIA,"That sounds great to me! Would you be willing to let me into Rumania with an army instead of a fleet? It would make it easier for us to push against Turkey and for you to control the Balkans. What do you think?

If you can convince Italy to Lepanto that would be really great - do you think you could talk them into going with that? It's the second best option for an AI I think, and it gives you a little extra security",172166,exact_sender_recipient_phase,866,run_bilateral_search_with_conditional_evs-206556-454,0.7874720096588135,13,A MOS - UKR | A WAR - GAL | F SEV - BLA | F STP/SC - BOT,0.6145675520253918,1.1051676246405497,A MOS - UKR | A WAR - GAL | F SEV - BLA | F STP/SC - BOT,0.7755177829601028,0.16761537279774982
896,206556,S1901M,ITALY,TURKEY,Austria seems pretty friendly to me so far. I guess the best thing we can do now is watch their opening moves and take it from there.,178016,exact_sender_recipient_phase,895,run_bilateral_search_with_conditional_evs-206556-469,3.187084913253784,11,A ROM - APU | A VEN H | F NAP - ION,0.6715970857283503,1.2561360069655907,A ROM - APU | A VEN H | F NAP - ION,0.6353750953544892,0.06209670854228485
925,206556,S1901M,FRANCE,ITALY,"Pie DMZ is great with me. If we can expand it to include Gulf of Lyon and West Med, I'd love that as well",178516,exact_sender_recipient_phase,924,run_bilateral_search_with_conditional_evs-206556-484,1.2064578533172607,11,A MAR S A PAR - BUR | A PAR - BUR | F BRE - MAO,0.26679786106996606,2.0355855065809942,A MAR S A PAR - BUR | A PAR - BUR | F BRE - MAO,0.19252462788807753,0.10021947998518274
954,206556,S1901M,GERMANY,FRANCE,Also I'm open to other ideas about Belgium if you have any,181215,exact_sender_recipient_phase,953,run_bilateral_search_with_conditional_evs-206556-499,3.150944471359253,11,A BER - KIE | A MUN - RUH | F KIE - DEN,0.8735709770861851,0.5374995944798874,A BER - KIE | A MUN - RUH | F KIE - DEN,0.8771192331826008,0.008608119804674559
983,206556,S1901M,ENGLAND,ITALY,"Hey Italy, gl to you too!

I don't have any plans as of yet, but I'd be down to work with you down the line. So far, I haven't spoken to anyone that borders you, so I don't have much information to offer unfortunately",183231,exact_sender_recipient_phase,982,run_bilateral_search_with_conditional_evs-206556-514,4.274340867996216,11,A LVP - YOR | F EDI - NWG | F LON - NTH,0.5672897280536235,1.025881958674349,A LVP - YOR | F EDI - NWG | F LON - NTH,0.4848391407580693,0.08691236214703853
1012,206556,S1901M,FRANCE,ENGLAND,I'm very much down,183671,exact_sender_recipient_phase,1011,run_bilateral_search_with_conditional_evs-206556-529,0.6398775577545166,11,A MAR S A PAR - BUR | A PAR - BUR | F BRE - MAO,0.24884709127320379,2.062264999198986,A MAR - SPA | A PAR - PIC | F BRE - MAO,0.17767713686838396,0.1765346035991669
1041,206556,S1901M,RUSSIA,FRANCE,"That sounds good to me! I'm also going for a cautious 1901, which is probably a good idea for Russia. Let's keep in touch and coordinate after we've gotten a sense of our neighbours and our own goals",187636,exact_sender_recipient_phase,1040,run_bilateral_search_with_conditional_evs-206556-544,2.2049484252929688,13,A MOS - UKR | A WAR - GAL | F SEV - BLA | F STP/SC - BOT,0.7381436762919287,1.017003082520931,A MOS - UKR | A WAR - GAL | F SEV - BLA | F STP/SC - BOT,0.757902337119779,0.021593159435045025
1070,206556,S1901M,AUSTRIA,TURKEY,"I haven't heard much from Russia yet, though of course they've only sent a short message so far. I'm hoping to take Serbia and Greece at least this year, but then we can hopefully work on getting you into Romania and Sevastopol?",187946,exact_sender_recipient_phase,1069,run_bilateral_search_with_conditional_evs-206556-559,1.423454761505127,10,A BUD - SER | A VIE - GAL | F TRI - ALB,0.9295274557550718,0.34081446030971174,A BUD - SER | A VIE - GAL | F TRI - ALB,0.9475473357155044,0.018019879960432292
1099,206556,S1901M,ITALY,RUSSIA,Austria seems pretty friendly to me so far. Guess we can just see their opening moves and take it from there.,190725,exact_sender_recipient_phase,1098,run_bilateral_search_with_conditional_evs-206556-574,0.7600319385528564,11,A ROM - APU | A VEN H | F NAP - ION,0.7687788138534019,0.9685826383120676,A ROM - APU | A VEN H | F NAP - ION,0.8140353192916654,0.059690919429960056
1128,206556,S1901M,ENGLAND,GERMANY,"Hey Germany, gl to you too!

I don't have any plans as of yet, I'll be happy to work with you down the line. So far, I haven't spoken to anyone that borders you, so I don't have much information to offer unfortunately",191167,exact_sender_recipient_phase,1127,run_bilateral_search_with_conditional_evs-206556-589,1.2662889957427979,11,A LVP - YOR | F EDI - NWG | F LON - NTH,0.5807459354486205,0.9977895624026689,A LVP - YOR | F EDI - NWG | F LON - NTH,0.5195080368695666,0.07071219138768232
1141,206556,S1901M,ENGLAND,AUSTRIA,"Hey Austria, gl to you! Hopefully we have the opportunity to work together",195239,exact_sender_recipient_phase,1130,run_bilateral_search_with_conditional_evs-206556-591,5.187378168106079,11,A LVP - EDI | F EDI - NWG | F LON - NTH,0.46770528988774956,1.1198516982009783,A LVP - EDI | F EDI - NWG | F LON - NTH,0.44512609844374823,0.07250084414316454
1170,206556,S1901M,ITALY,FRANCE,Sounds great to me. I'm glad to hear we've got a strong agreement on Dmzs!,196471,exact_sender_recipient_phase,1169,run_bilateral_search_with_conditional_evs-206556-611,1.3828716278076172,11,A ROM - APU | A VEN H | F NAP - ION,0.6142051801142877,1.3431791233519312,A ROM - APU | A VEN H | F NAP - ION,0.6740697500425467,0.06459653348270639
1199,206556,S1901M,FRANCE,GERMANY,That all sounds good to me,196839,exact_sender_recipient_phase,1198,run_bilateral_search_with_conditional_evs-206556-626,0.6893727779388428,11,A MAR - SPA | A PAR - PIC | F BRE - MAO,0.27235738137131754,2.167249403513704,A MAR - SPA | A PAR - PIC | F BRE - MAO,0.2895456126213032,0.06837098631835684
1228,206556,S1901M,GERMANY,ENGLAND,Yeah same. I'll let you know when I hear anything,197482,exact_sender_recipient_phase,1227,run_bilateral_search_with_conditional_evs-206556-641,0.717860221862793,11,A BER - KIE | A MUN - RUH | F KIE - DEN,0.7598817396586931,0.9386541821241806,A BER - KIE | A MUN - RUH | F KIE - DEN,0.7921941348746164,0.04195012729826151
1257,206556,S1901M,AUSTRIA,RUSSIA,"Yup, I'm in for an army in Rumania, although it will take some effort to swap the fleet out. I would be super fine with Italy lepanto, I think they're open to working together and so I'll do what I can to get that going!",198352,exact_sender_recipient_phase,1256,run_bilateral_search_with_conditional_evs-206556-656,0.8217506408691406,10,A BUD - SER | A VIE - GAL | F TRI - ALB,0.9843766746738861,0.09850779047586858,A BUD - SER | A VIE - GAL | F TRI - ALB,0.9794857192730757,0.004921044662051542
1299,206556,S1901M,FRANCE,RUSSIA,That's totally fine by me,200895,exact_sender_recipient_phase,1298,run_bilateral_search_with_conditional_evs-206556-678,3.302536725997925,11,A MAR - SPA | A PAR - BUR | F BRE - MAO,0.3116233742963671,1.8099297556644436,A MAR - SPA | A PAR - PIC | F BRE - MAO,0.2970990481888029,0.06512661145896358
1357,206556,S1901M,AUSTRIA,ITALY,"Cool, do you think you're going to try to convoy to Tunis this year, or do you want to move to Ionian and then e med in the spring of next year?",204463,exact_sender_recipient_phase,1356,run_bilateral_search_with_conditional_evs-206556-708,1.558145523071289,10,A BUD - SER | A VIE - GAL | F TRI - ALB,0.5270179019258928,1.1139470746224154,A BUD - SER | A VIE - GAL | F TRI - ALB,0.423436646248791,0.10742038009239843
1386,206556,S1901M,FRANCE,ITALY,Me too!,205681,exact_sender_recipient_phase,1385,run_bilateral_search_with_conditional_evs-206556-723,0.7019824981689453,11,A MAR S A PAR - BUR | A PAR - BUR | F BRE - MAO,0.24790253410332053,1.9629809940008354,A MAR - SPA | A PAR - PIC | F BRE - MAO,0.24075668319048243,0.09897390390535563
1415,206556,S1901M,ITALY,ENGLAND,No worries. France and Germany both seem pretty friendly so far so maybe that gives you a good idea of how the West will shake out.,207219,exact_sender_recipient_phase,1414,run_bilateral_search_with_conditional_evs-206556-738,0.8104639053344727,11,A ROM - APU | A VEN H | F NAP - ION,0.7022295341530653,1.1406002449599824,A ROM - APU | A VEN H | F NAP - ION,0.7117613481045663,0.04083222848945045
1444,206556,S1901M,AUSTRIA,ENGLAND,"Hey England, thanks for reaching out and good luck to you too! I'm sure we'll have opportunities to work together in the midgame or even later on, let's keep in touch!",208673,exact_sender_recipient_phase,1443,run_bilateral_search_with_conditional_evs-206556-753,0.8661997318267822,10,A BUD - SER | A VIE - GAL | F TRI - ALB,0.6929923957851504,1.0377926388941525,A BUD - SER | A VIE - GAL | F TRI - ALB,0.6666970332461025,0.03205548845535754
1473,206556,S1901M,RUSSIA,AUSTRIA,"Sounds good to me! I think the army in Rumania will be easier to cycle into Bulgaria anyways - it will be an extra army I can throw at Turkey, and it should also make our border a lot less tense.

Great, let me know if you have any luck convincing Italy :)",211596,exact_sender_recipient_phase,1472,run_bilateral_search_with_conditional_evs-206556-768,4.112924575805664,13,A MOS - UKR | A WAR - GAL | F SEV - BLA | F STP/SC - BOT,0.6539879117685019,1.0668354699485154,A MOS - UKR | A WAR - GAL | F SEV - BLA | F STP/SC - BOT,0.8068217004200979,0.15798720996497043
1502,206556,S1901M,ITALY,FRANCE,Have you spoken much to England or Germany? Both seem pretty friendly to me.,211901,exact_sender_recipient_phase,1501,run_bilateral_search_with_conditional_evs-206556-783,0.7975833415985107,11,A ROM - APU | A VEN H | F NAP - ION,0.5989270890426376,1.3774327583240702,A ROM - APU | A VEN H | F NAP - ION,0.6678851955845138,0.07335921531740411
1531,206556,S1901M,FRANCE,GERMANY,I think keeping England out of Belgium works fine for me,215394,exact_sender_recipient_phase,1530,run_bilateral_search_with_conditional_evs-206556-798,2.5981109142303467,11,A MAR - SPA | A PAR - PIC | F BRE - MAO,0.6719324485000006,1.0960292369353315,A MAR - SPA | A PAR - PIC | F BRE - MAO,0.6991610497877881,0.03786518074155101
1560,206556,S1901M,TURKEY,ITALY,That sounds good to me,215734,exact_sender_recipient_phase,1559,run_bilateral_search_with_conditional_evs-206556-813,0.5721168518066406,9,A CON - BUL | A SMY - CON | F ANK - BLA,0.8861782528891629,0.5080653647365413,A CON - BUL | A SMY - CON | F ANK - BLA,0.8633654764363213,0.02292591006742483
1589,206556,S1901M,ITALY,AUSTRIA,I think I'd like to take the slow and steady approach so I'll probably convoy to Tunis first. Have you spoken much to Russia?,217126,exact_sender_recipient_phase,1588,run_bilateral_search_with_conditional_evs-206556-828,0.7939863204956055,11,A ROM - APU | A VEN H | F NAP - ION,0.9074004582751276,0.49486110162107455,A ROM - APU | A VEN H | F NAP - ION,0.8576645950488289,0.05103547375010341
1618,206556,S1901M,ENGLAND,ITALY,Yeah they both seem chill,218085,exact_sender_recipient_phase,1617,run_bilateral_search_with_conditional_evs-206556-843,3.1215837001800537,11,A LVP - YOR | F EDI - NWG | F LON - NTH,0.5688659668141884,0.982542986446866,A LVP - YOR | F EDI - NWG | F LON - NTH,0.4926169183047923,0.08010340094354039
1647,206556,S1901M,GERMANY,RUSSIA,I think I'm gonna have to go Denmark first. Kiel to Holland would leave me way too exposed,218878,exact_sender_recipient_phase,1646,run_bilateral_search_with_conditional_evs-206556-858,1.4154176712036133,11,A BER - KIE | A MUN - RUH | F KIE - DEN,0.6708049211928336,0.8220333901885886,A BER - KIE | A MUN - RUH | F KIE - DEN,0.7540845476526506,0.08382595518956928
1676,206556,S1901M,RUSSIA,ITALY,"That's what I'm getting too, they seem very friendly! Have they offered to help you with a Lepanto? If so you should absolutely consider it - I think it's the best option for an AI to attack Turkey, and I think it gives you a little bit more security in your own back door.",218889,exact_sender_recipient_phase,1675,run_bilateral_search_with_conditional_evs-206556-873,1.7791252136230469,13,A MOS - UKR | A WAR - GAL | F SEV - BLA | F STP/SC - BOT,0.4683479289535011,1.335354086713612,A MOS - UKR | A WAR - GAL | F SEV - BLA | F STP/SC - BOT,0.6456271184787282,0.18559352029504123
1734,206556,S1901M,ENGLAND,AUSTRIA,Sounds good!,220493,exact_sender_recipient_phase,1733,run_bilateral_search_with_conditional_evs-206556-903,0.6884758472442627,11,A LVP - YOR | F EDI - NWG | F LON - NTH,0.5090592142519105,0.9940990945636256,A LVP - YOR | F EDI - NWG | F LON - NTH,0.474402727259832,0.036657506776056045
1763,206556,S1901M,GERMANY,FRANCE,Okay great!,222673,exact_sender_recipient_phase,1762,run_bilateral_search_with_conditional_evs-206556-918,2.2496860027313232,11,A BER - KIE | A MUN - RUH | F KIE - DEN,0.8817711098148745,0.5139224144599622,A BER - KIE | A MUN - RUH | F KIE - DEN,0.8836738484791706,0.009630220476588085
1792,206556,S1901M,FRANCE,ITALY,Same here. I'm trying to be cordial and grab Iberia before starting wars anywhere,223324,exact_sender_recipient_phase,1791,run_bilateral_search_with_conditional_evs-206556-933,0.7619733810424805,11,A MAR S A PAR - BUR | A PAR - BUR | F BRE - MAO,0.22855559478235854,2.016134422597095,A MAR - SPA | A PAR - PIC | F BRE - MAO,0.25910898913150676,0.09743990876523388
1821,206556,S1901M,ITALY,TURKEY,Have you spoken to Russia much? I'm still trying to figure out what their plans are.,224565,exact_sender_recipient_phase,1820,run_bilateral_search_with_conditional_evs-206556-948,0.8542869091033936,11,A ROM - APU | A VEN H | F NAP - ION,0.7940263051788546,0.9232088542761275,A ROM - APU | A VEN H | F NAP - ION,0.7814114459296617,0.028060259330026625
1850,206556,S1901M,ENGLAND,GERMANY,"Awesome, likewise. Thanks, I'll let you know when I hear something as well",225759,exact_sender_recipient_phase,1849,run_bilateral_search_with_conditional_evs-206556-963,0.6613702774047852,11,A LVP - YOR | F EDI - NWG | F LON - NTH,0.5314850927591882,1.0500235774658644,A LVP - YOR | F EDI - NWG | F LON - NTH,0.4691467610017408,0.07522767351737339
1879,206556,S1901M,RUSSIA,GERMANY,"That's fair, I get it! Hopefully you get something good out of it though. Have you had any discussions with France and England about Belgium?",229245,exact_sender_recipient_phase,1878,run_bilateral_search_with_conditional_evs-206556-978,0.927971363067627,13,A MOS - UKR | A WAR - GAL | F SEV - BLA | F STP/SC - BOT,0.7935818991258493,0.8579184522625306,A MOS - UKR | A WAR - GAL | F SEV - BLA | F STP/SC - BOT,0.8374443541573972,0.05046356888622958
1892,206556,S1901M,FRANCE,TURKEY,"Good luck on the other side of the board Turkey! I don't anticipate us interacting much for a while, but let me know if there's anything I can do for you in the meantime",233808,exact_sender_recipient_phase,1891,run_bilateral_search_with_conditional_evs-206556-985,8.643753290176392,11,A MAR S A PAR - BUR | A PAR - BUR | F BRE - MAO,0.5813362523122385,1.2897224960899032,A MAR S A PAR - BUR | A PAR - BUR | F BRE - MAO,0.5033401128191867,0.14637294332823228
1921,206556,S1901M,RUSSIA,FRANCE,Great! Have you had any discussions with England or Germany about Belgium?,234497,exact_sender_recipient_phase,1920,run_bilateral_search_with_conditional_evs-206556-1000,3.356200933456421,13,A MOS - UKR | A WAR - GAL | F SEV - BLA | F STP/SC - BOT,0.7129972346921675,1.0929525897052417,A MOS - UKR | A WAR - GAL | F SEV - BLA | F STP/SC - BOT,0.7396331479618842,0.027618888614730917
1950,206556,S1901M,TURKEY,AUSTRIA,"I'd like to see how the first moves shake out, but your suggestion is a real possibility",234582,exact_sender_recipient_phase,1949,run_bilateral_search_with_conditional_evs-206556-1015,0.6708986759185791,9,A CON - BUL | A SMY - CON | F ANK - BLA,0.878542649336354,0.515506951121445,A CON - BUL | A SMY - CON | F ANK - BLA,0.8649037138159272,0.020224661593363967
1979,206556,S1901M,TURKEY,FRANCE,Good luck to you too!,238260,exact_sender_recipient_phase,1978,run_bilateral_search_with_conditional_evs-206556-1030,1.226592779159546,9,A CON - BUL | A SMY - CON | F ANK - BLA,0.8675971789169042,0.565695981978493,A CON - BUL | A SMY - CON | F ANK - BLA,0.8661297466028349,0.0035508819087946954
2008,206556,S1901M,ITALY,FRANCE,Glad to hear it. I guess I'll see how the East plays out.,238835,exact_sender_recipient_phase,2007,run_bilateral_search_with_conditional_evs-206556-1045,0.8939604759216309,11,A ROM - APU | A VEN H | F NAP - ION,0.6322222955792572,1.3098037856251439,A ROM - APU | A VEN H | F NAP - ION,0.6707055418904856,0.0449010467258379
2037,206556,S1901M,GERMANY,RUSSIA,Yeah we're in the middle of negotiations about it,240219,exact_sender_recipient_phase,2036,run_bilateral_search_with_conditional_evs-206556-1060,1.4319405555725098,11,A BER - KIE | A MUN - RUH | F KIE - DEN,0.7604464086697675,0.7411565278151714,A BER - KIE | A MUN - RUH | F KIE - DEN,0.8256798788682992,0.06560141325745276
2066,206556,S1901M,FRANCE,RUSSIA,Germany does want to keep England out. I think I'm ok with that for the moment,247654,exact_sender_recipient_phase,2065,run_bilateral_search_with_conditional_evs-206556-1075,0.7479851245880127,11,A MAR - SPA | A PAR - PIC | F BRE - MAO,0.29030395038850554,1.9387326831163272,A MAR - SPA | A PAR - PIC | F BRE - MAO,0.270225367526234,0.07778952142738571
2095,206556,S1901M,RUSSIA,GERMANY,Sounds good - let me know how that goes!,248992,exact_sender_recipient_phase,2094,run_bilateral_search_with_conditional_evs-206556-1090,4.614972352981567,13,A MOS - UKR | A WAR - GAL | F SEV - BLA | F STP/SC - BOT,0.7998955341759374,0.8547599497763447,A MOS - UKR | A WAR - GAL | F SEV - BLA | F STP/SC - BOT,0.8420659982129401,0.04978693529361913
2124,206556,S1901M,ITALY,RUSSIA,I think it's definitely a strong option but I don't want to antagonize them right away so I'd prefer not to tip my hand as I wait to see how the opening moves shake out. Have you spoken much to them?,250140,exact_sender_recipient_phase,2123,run_bilateral_search_with_conditional_evs-206556-1105,1.6654436588287354,11,A ROM - APU | A VEN H | F NAP - ION,0.7618120582670801,0.9753129122073494,A ROM - APU | A VEN H | F NAP - ION,0.8158477831438403,0.068228842403807
2153,206556,S1901M,RUSSIA,FRANCE,"Yeah, I think that's good for you too. Are you thinking of teaming up with Germany against England?",252133,exact_sender_recipient_phase,2152,run_bilateral_search_with_conditional_evs-206556-1120,1.0612802505493164,13,A MOS - UKR | A WAR - GAL | F SEV - BLA | F STP/SC - BOT,0.6722659359532145,1.1511401549924116,A MOS - UKR | A WAR - GAL | F SEV - BLA | F STP/SC - BOT,0.687738687636601,0.01736022803489368
2182,206556,S1901M,ITALY,AUSTRIA,"I'm going to have Venice hold this turn, just FYI.",253726,exact_sender_recipient_phase,2181,run_bilateral_search_with_conditional_evs-206556-1135,0.9198036193847656,11,A ROM - APU | A VEN H | F NAP - ION,0.9112721481751719,0.4755697994799629,A ROM - APU | A VEN H | F NAP - ION,0.8710272317288433,0.04175814202557116
2211,206556,S1901M,TURKEY,ITALY,"Briefly, but it's hard to say what their plans are at this point",258996,exact_sender_recipient_phase,2210,run_bilateral_search_with_conditional_evs-206556-1150,1.8375918865203857,9,A CON - BUL | A SMY - CON | F ANK - BLA,0.884414960972468,0.4998322405183735,A CON - BUL | A SMY - CON | F ANK - BLA,0.8527306787020907,0.031808222659844544
2269,206556,S1901M,FRANCE,ITALY,Best of luck! I'll keep you posted if I hear anything that may be of interest to you,261586,exact_sender_recipient_phase,2268,run_bilateral_search_with_conditional_evs-206556-1180,1.4036495685577393,11,A MAR S A PAR - BUR | A PAR - BUR | F BRE - MAO,0.22818030092019598,2.0166289463422316,A MAR - SPA | A PAR - PIC | F BRE - MAO,0.26261914630931604,0.10117437925068912
2298,206556,S1901M,RUSSIA,ITALY,"They've told me they're up for going after Turkey, and I've spoken to them a little bit. I can see how it's better not to tip your hand though - no worries!",270040,exact_sender_recipient_phase,2297,run_bilateral_search_with_conditional_evs-206556-1195,5.262927293777466,13,A MOS - UKR | A WAR - GAL | F SEV - BLA | F STP/SC - BOT,0.47511811986409197,1.2803251790239278,A MOS - UKR | A WAR - GAL | F SEV - BLA | F STP/SC - BOT,0.6501070581705211,0.17968668858263118
2327,206556,S1901M,FRANCE,RUSSIA,"I think that's the current plan, but I want to keep my options open. I've never been one to commit to an enemy this early in the game. What about you?",272373,exact_sender_recipient_phase,2326,run_bilateral_search_with_conditional_evs-206556-1210,0.7676196098327637,11,A MAR - SPA | A PAR - PIC | F BRE - MAO,0.36394133914623883,1.9279035386760326,A MAR - SPA | A PAR - PIC | F BRE - MAO,0.32907156959791206,0.0824238127417777
2356,206556,S1901M,FRANCE,ENGLAND,How have your talks with Germany and Russia gone?,277057,exact_sender_recipient_phase,2355,run_bilateral_search_with_conditional_evs-206556-1225,3.0117645263671875,11,A MAR S A PAR - BUR | A PAR - BUR | F BRE - MAO,0.2815235649145461,2.0060530214184427,A MAR - BUR | A PAR - PIC | F BRE - MAO,0.19530864631111092,0.18832614100474251
2385,206556,S1901M,ITALY,TURKEY,Yeah it's always hard to tell until the opening moves. Just wanted to see if you heard anything interesting.,277372,exact_sender_recipient_phase,2384,run_bilateral_search_with_conditional_evs-206556-1240,6.991373300552368,11,A ROM - APU | A VEN H | F NAP - ION,0.7902612249618675,0.9370121329629411,A ROM - APU | A VEN H | F NAP - ION,0.7787385452956066,0.026225374229161765
2414,206556,S1901M,ITALY,RUSSIA,"Thanks for letting me know. I'll probably take a wait and see approach but if you hear anything interesting, let me know and I'll do the same.",286342,exact_sender_recipient_phase,2413,run_bilateral_search_with_conditional_evs-206556-1255,0.9935486316680908,11,A ROM - APU | A VEN H | F NAP - ION,0.7793684653054829,0.9101755066973621,A ROM - APU | A VEN H | F NAP - ION,0.8328296377683454,0.06517979624590921
2443,206556,S1901M,ITALY,FRANCE,"Thanks, I'll do the same.",289643,exact_sender_recipient_phase,2442,run_bilateral_search_with_conditional_evs-206556-1270,2.6535394191741943,11,A ROM - APU | A VEN H | F NAP - ION,0.6534525167861748,1.229275479379819,A ROM - APU | A VEN H | F NAP - ION,0.6929907103921377,0.04636884767967503
2472,206556,S1901M,TURKEY,ITALY,"They sent one short message, but have responded to me",296267,exact_sender_recipient_phase,2471,run_bilateral_search_with_conditional_evs-206556-1285,2.8541793823242188,9,A CON - BUL | A SMY - CON | F ANK - BLA,0.8938925864329861,0.47887972805646756,A CON - BUL | A SMY - CON | F ANK - BLA,0.8721043942122836,0.021788192220702805
2501,206556,S1901M,RUSSIA,ITALY,Sounds great! What's your current plan for A Ven?,297042,exact_sender_recipient_phase,2500,run_bilateral_search_with_conditional_evs-206556-1300,1.0787768363952637,14,A MOS - UKR | A WAR - GAL | F SEV - BLA | F STP/SC - BOT,0.5219897984587216,1.2889950624581321,A MOS - UKR | A WAR - GAL | F SEV - BLA | F STP/SC - BOT,0.690047132769679,0.17352044065217317
2530,206556,S1901M,ITALY,TURKEY,Interesting. We'll just have to see how things shake out.,302218,exact_sender_recipient_phase,2529,run_bilateral_search_with_conditional_evs-206556-1315,1.037245750427246,11,A ROM - APU | A VEN H | F NAP - ION,0.8129815431122706,0.838126077716103,A ROM - APU | A VEN H | F NAP - ION,0.8017072035159962,0.024182473159672317
2559,206556,S1901M,FRANCE,ITALY,Thank you,303937,exact_sender_recipient_phase,2558,run_bilateral_search_with_conditional_evs-206556-1330,0.758934736251831,11,A MAR - SPA | A PAR - PIC | F BRE - MAO,0.22432110161779725,2.000936192912587,A MAR - SPA | A PAR - PIC | F BRE - MAO,0.2781473725262423,0.10052203395674002
2588,206556,S1901M,TURKEY,AUSTRIA,"However, I think Russia and I will bounce in the Black Sea",320181,exact_sender_recipient_phase,2587,run_bilateral_search_with_conditional_evs-206556-1345,2.546154737472534,9,A CON - BUL | A SMY - CON | F ANK - BLA,0.8924783115036555,0.4965667488451274,A CON - BUL | A SMY - CON | F ANK - BLA,0.8775303451490909,0.022428744616441634
2617,206556,S1901M,RUSSIA,FRANCE,"I can understand that - as long as it doesn't involve England attacking me :)

I think I'm going to focus on the south for now, but if England does something too aggressive I'd be happy to come help out!",331482,exact_sender_recipient_phase,2616,run_bilateral_search_with_conditional_evs-206556-1360,3.161977767944336,14,A MOS - UKR | A WAR - GAL | F SEV - BLA | F STP/SC - BOT,0.6990767602587677,1.0866790363432184,A MOS - UKR | A WAR - GAL | F SEV - BLA | F STP/SC - BOT,0.6997466859286471,0.004993138484568706
2646,206556,S1901M,ITALY,RUSSIA,I'm holding it for now.,333110,exact_sender_recipient_phase,2645,run_bilateral_search_with_conditional_evs-206556-1375,5.345408916473389,11,A ROM - APU | A VEN H | F NAP - ION,0.9809476409735653,0.12283253246524052,A ROM - APU | A VEN H | F NAP - ION,0.9868652378244611,0.006292346004948777
2663,206556,S1901M,ITALY,RUSSIA,How about you?,335362,exact_sender_recipient_phase,2662,run_bilateral_search_with_conditional_evs-206556-1384,4.032032251358032,11,A ROM - APU | A VEN H | F NAP - ION,0.8921169869961185,0.518110661823206,A ROM - APU | A VEN H | F NAP - ION,0.9056144832408718,0.021430250747887684
2692,206556,S1901M,ITALY,FRANCE,Let me know if you hear anything interesting from Austria or Turkey. I'm still trying to figure them both out.,338724,exact_sender_recipient_phase,2691,run_bilateral_search_with_conditional_evs-206556-1399,1.13792085647583,11,A ROM - APU | A VEN H | F NAP - ION,0.6773955765447737,1.131478661782964,A ROM - APU | A VEN H | F NAP - ION,0.7187571341435343,0.047322358352677944
2705,206556,S1901M,ENGLAND,TURKEY,"Hey Turkey, gl to you",355657,exact_sender_recipient_phase,2704,run_bilateral_search_with_conditional_evs-206556-1406,4.8353049755096436,11,A LVP - YOR | F EDI - NWG | F LON - NTH,0.42453867483838736,1.2119997889653538,A LVP - EDI | F EDI - NWG | F LON - NTH,0.44512609844374823,0.0877191237322215
2734,206556,S1901M,RUSSIA,ITALY,"Yeah, that's probably the safest option. I'm thinking bouncing in Gal and bouncing in the Black Sea",357132,exact_sender_recipient_phase,2733,run_bilateral_search_with_conditional_evs-206556-1421,1.2857508659362793,14,A MOS - UKR | A WAR - GAL | F SEV - BLA | F STP/SC - BOT,0.8761692724005539,0.538957511591837,A MOS - UKR | A WAR - GAL | F SEV - BLA | F STP/SC - BOT,0.9312508525091598,0.05508158010860571
2735,206556,S1901M,ENGLAND,TURKEY,Hopefully we have the opportunity to work together later,358271,exact_sender_recipient_phase,2704,run_bilateral_search_with_conditional_evs-206556-1406,27.70207905769348,11,A LVP - YOR | F EDI - NWG | F LON - NTH,0.42453867483838736,1.2119997889653538,A LVP - EDI | F EDI - NWG | F LON - NTH,0.44512609844374823,0.0877191237322215
2752,206556,S1901M,RUSSIA,ITALY,How about you?,361963,exact_sender_recipient_phase,2751,run_bilateral_search_with_conditional_evs-206556-1431,1.2046968936920166,14,A MOS - UKR | A WAR - GAL | F SEV - BLA | F STP/SC - BOT,0.5603790514155061,1.0585179581883313,A MOS - UKR | A WAR - GAL | F SEV - BLA | F STP/SC - BOT,0.7197229081126364,0.1595587990463126
2781,206556,S1901M,FRANCE,RUSSIA,"Awesome, thank you. Let me know if there's anything I can do for you",364869,exact_sender_recipient_phase,2780,run_bilateral_search_with_conditional_evs-206556-1446,0.9199390411376953,11,A MAR - SPA | A PAR - PIC | F BRE - MAO,0.39246374531895756,1.893430291394948,A MAR - SPA | A PAR - PIC | F BRE - MAO,0.35508219449569717,0.0783121614041888
2810,206556,S1901M,AUSTRIA,TURKEY,"Yeah, that's probably a safe call. I'm bouncing with Russia in Galicia, so we'll see if that's enough to give you an opening?",366092,exact_sender_recipient_phase,2809,run_bilateral_search_with_conditional_evs-206556-1461,1.0697507858276367,10,A BUD - SER | A VIE - GAL | F TRI - ALB,0.8012031222879182,0.7600130718272802,A BUD - SER | A VIE - GAL | F TRI - ALB,0.8285981020292094,0.027394979741291202
2839,206556,S1901M,RUSSIA,FRANCE,"Sure thing, same to you!",369794,exact_sender_recipient_phase,2838,run_bilateral_search_with_conditional_evs-206556-1476,1.1360442638397217,14,A MOS - UKR | A WAR - GAL | F SEV - BLA | F STP/SC - BOT,0.8040917500632271,0.8503622812793356,A MOS - UKR | A WAR - GAL | F SEV - BLA | F STP/SC - BOT,0.8066252101659682,0.006142330072224464
2868,206556,S1901M,AUSTRIA,ITALY,"Cool, I'm going to move Trieste down to Albania. Yeah, I've talked a bit to Russia, we're trying to get Turkey out of the way as quickly as possible.",370217,exact_sender_recipient_phase,2867,run_bilateral_search_with_conditional_evs-206556-1491,0.9902288913726807,10,A BUD - SER | A VIE - GAL | F TRI - ALB,0.9806423416683099,0.12049874365363551,A BUD - SER | A VIE - GAL | F TRI - ALB,0.9835021449900581,0.003458058191052546
2897,206556,S1901M,TURKEY,ENGLAND,"Indeed, good luck to you!",374743,exact_sender_recipient_phase,2896,run_bilateral_search_with_conditional_evs-206556-1506,0.6582117080688477,9,A CON - BUL | A SMY - CON | F ANK - BLA,0.8501730692942463,0.6350865421553401,A CON - BUL | A SMY - CON | F ANK - BLA,0.8630894043656588,0.017748782720980367
2926,206556,S1901M,AUSTRIA,RUSSIA,"Excellent! And agreed, the tension can be really nerve wracking!",375825,exact_sender_recipient_phase,2925,run_bilateral_search_with_conditional_evs-206556-1521,1.9471192359924316,10,A BUD - SER | A VIE - GAL | F TRI - ALB,0.9918039191384863,0.058932708923230825,A BUD - SER | A VIE - GAL | F TRI - ALB,0.9897304193259382,0.0020912125893850606
2955,206556,S1901M,RUSSIA,AUSTRIA,"Bouncing in Gal is still the plan, right?",380062,exact_sender_recipient_phase,2954,run_bilateral_search_with_conditional_evs-206556-1536,2.332803726196289,14,A MOS - UKR | A WAR - GAL | F SEV - BLA | F STP/SC - BOT,0.6368189354039271,1.092807444936765,A MOS - UKR | A WAR - GAL | F SEV - BLA | F STP/SC - BOT,0.7945703891279171,0.1636600998330203
3013,206556,S1901M,RUSSIA,TURKEY,"Are you happy to bounce in the Black Sea, and then we can figure out what to do in the fall once we've seen everyone's moves?",389477,exact_sender_recipient_phase,3012,run_bilateral_search_with_conditional_evs-206556-1566,6.084168195724487,14,A MOS - UKR | A WAR - GAL | F SEV - BLA | F STP/SC - BOT,0.7365885241974487,0.8605863014934588,A MOS - UKR | A WAR - GAL | F SEV - BLA | F STP/SC - BOT,0.8027030090306028,0.06704400306941374
3042,206556,S1901M,FRANCE,RUSSIA,How are your talks with England?,393139,exact_sender_recipient_phase,3041,run_bilateral_search_with_conditional_evs-206556-1581,3.2679696083068848,11,A MAR - SPA | A PAR - PIC | F BRE - MAO,0.39154241532707595,1.9010815316120029,A MAR - SPA | A PAR - PIC | F BRE - MAO,0.35392712322697056,0.08019333620397115
3084,206556,S1901M,GERMANY,TURKEY,Hello Turkey! Good luck to you. I just wanted to check in and see if you had any initial plans?,402070,exact_sender_recipient_phase,3083,run_bilateral_search_with_conditional_evs-206556-1603,12.31921672821045,11,A BER - KIE | A MUN - RUH | F KIE - DEN,0.9156999086067235,0.39308262371961444,A BER - KIE | A MUN - RUH | F KIE - DEN,0.805445503769646,0.1102544048370774
3113,206556,S1901M,AUSTRIA,RUSSIA,Yup!,418005,exact_sender_recipient_phase,3112,run_bilateral_search_with_conditional_evs-206556-1618,2.485560894012451,10,A BUD - SER | A VIE - GAL | F TRI - ALB,0.991255403393657,0.06099538258594486,A BUD - SER | A VIE - GAL | F TRI - ALB,0.9891789232899276,0.0020917188880083685
3142,206556,S1901M,TURKEY,RUSSIA,"Yeah, that sounds good to me",418043,exact_sender_recipient_phase,3141,run_bilateral_search_with_conditional_evs-206556-1633,1.4018309116363525,9,A CON - BUL | A SMY - CON | F ANK - BLA,0.9742996245744495,0.15343021753502814,A CON - BUL | A SMY - CON | F ANK - BLA,0.9756762829135898,0.00418374350001509
3171,206556,S1901M,TURKEY,GERMANY,Good luck to you too! No firm plans yet,422415,exact_sender_recipient_phase,3170,run_bilateral_search_with_conditional_evs-206556-1648,0.7181057929992676,9,A CON - BUL | A SMY - CON | F ANK - BLA,0.8345144775520976,0.6749886532877823,A CON - BUL | A SMY - CON | F ANK - BLA,0.8691639728237326,0.03686185216316754
3200,206556,S1901M,RUSSIA,FRANCE,"They've been pretty decent, I think we've agreed to a fairly standard set of conditions in Scandinavia",434298,exact_sender_recipient_phase,3199,run_bilateral_search_with_conditional_evs-206556-1663,4.877470016479492,14,A MOS - UKR | A WAR - GAL | F SEV - BLA | F STP/SC - BOT,0.840075152826571,0.7137519466735024,A MOS - UKR | A WAR - GAL | F SEV - BLA | F STP/SC - BOT,0.852398349915808,0.013589442154846925
3258,206556,S1901M,FRANCE,RUSSIA,That's always nice as Russia,463834,exact_sender_recipient_phase,3257,run_bilateral_search_with_conditional_evs-206556-1693,1.6369822025299072,11,A MAR - SPA | A PAR - PIC | F BRE - MAO,0.4089443110622877,1.823244437940635,A MAR - SPA | A PAR - PIC | F BRE - MAO,0.3760603842021053,0.06901936071414072
3287,206556,S1901M,RUSSIA,FRANCE,"Yeah, I'd say so",481045,exact_sender_recipient_phase,3286,run_bilateral_search_with_conditional_evs-206556-1708,3.2394285202026367,14,A MOS - UKR | A WAR - GAL | F SEV - BLA | F STP/SC - BOT,0.8411710748649421,0.7133210613119843,A MOS - UKR | A WAR - GAL | F SEV - BLA | F STP/SC - BOT,0.8487119336948677,0.0100703900947477
3316,206556,S1901M,FRANCE,RUSSIA,Anything you want to share about your neighbors? I'll do the same for you,492110,exact_sender_recipient_phase,3315,run_bilateral_search_with_conditional_evs-206556-1723,4.963840961456299,11,A MAR - SPA | A PAR - PIC | F BRE - MAO,0.4607977000813337,1.7215521542687615,A MAR - SPA | A PAR - PIC | F BRE - MAO,0.42711158073847105,0.07421477607810842
3374,206556,S1901M,GERMANY,TURKEY,Okay. Let me know when you do!,533943,exact_sender_recipient_phase,3373,run_bilateral_search_with_conditional_evs-206556-1753,1.4957058429718018,11,A BER - KIE | A MUN - RUH | F KIE - DEN,0.9001468464176426,0.44287441998151306,A BER - KIE | A MUN - RUH | F KIE - DEN,0.751843031424591,0.14830381499305134
3403,206556,S1901M,ENGLAND,FRANCE,"Russia seems chill, haven't talked to Germany that much yet",1020691,exact_sender_recipient_phase,3402,run_bilateral_search_with_conditional_evs-206556-1768,0.7102875709533691,11,A LVP - EDI | F EDI - NWG | F LON - NTH,0.47652942000802107,0.9392951355605303,A LVP - YOR | F EDI - NWG | F LON - NTH,0.48474950518517435,0.024582485431582566
3432,206556,S1901M,FRANCE,ENGLAND,What are you thinking with Scandinavia?,1036201,exact_sender_recipient_phase,3431,run_bilateral_search_with_conditional_evs-206556-1783,0.9075307846069336,11,A MAR S A PAR - BUR | A PAR - BUR | F BRE - MAO,0.2661070066395287,2.020446302082745,A MAR - BUR | A PAR - PIC | F BRE - MAO,0.21581613410032405,0.18591774386036672
3461,206556,S1901M,ENGLAND,FRANCE,"Well that really depends on what everyone does, but I'm definitely going for Norway. You?",1088395,exact_sender_recipient_phase,3460,run_bilateral_search_with_conditional_evs-206556-1798,1.4301776885986328,11,A LVP - YOR | F EDI - NWG | F LON - NTH,0.5125767366206075,0.9466343867010936,A LVP - YOR | F EDI - NWG | F LON - NTH,0.5411603620694686,0.030248222547091422
3490,206556,S1901M,FRANCE,ENGLAND,Just grabbing Iberia and seeing how it goes,1107255,exact_sender_recipient_phase,3489,run_bilateral_search_with_conditional_evs-206556-1813,0.9234468936920166,11,A MAR - SPA | A PAR - PIC | F BRE - MAO,0.26797084889023254,2.002444070896724,A MAR - SPA | A PAR - BUR | F BRE - MAO,0.2588059034112894,0.18100063775845823
3519,206556,S1901M,ENGLAND,FRANCE,Sounds good,1211240,exact_sender_recipient_phase,3518,run_bilateral_search_with_conditional_evs-206556-1828,0.6942133903503418,11,A LVP - YOR | F EDI - NWG | F LON - NTH,0.49151605397786025,0.937868364653359,A LVP - YOR | F EDI - NWG | F LON - NTH,0.5197219366249543,0.02871078421249096
