candidate_id,game_index,phase_name,power,route,observed_phase,phase_match,state_match,multi_choice_locations
cicero_g000_p000_ENGLAND,0,S1901M,ENGLAND,full,S1909M,False,False,0
cicero_g000_p000_ENGLAND,0,S1901M,ENGLAND,rolled_back_to_phase_start,S1901M,True,True,3
cicero_g000_p000_GERMANY,0,S1901M,GERMANY,full,S1909M,False,False,0
cicero_g000_p000_GERMANY,0,S1901M,GERMANY,rolled_back_to_phase_start,S1901M,True,True,3
cicero_g000_p001_ENGLAND,0,F1901M,ENGLAND,full,S1909M,False,False,0
cicero_g000_p001_ENGLAND,0,F1901M,ENGLAND,rolled_back_to_phase_start,F1901M,True,True,3
cicero_g000_p001_GERMANY,0,F1901M,GERMANY,full,S1909M,False,False,0
cicero_g000_p001_GERMANY,0,F1901M,GERMANY,rolled_back_to_phase_start,F1901M,True,True,3
cicero_g000_p003_ENGLAND,0,S1902M,ENGLAND,full,S1909M,False,False,0
cicero_g000_p003_ENGLAND,0,S1902M,ENGLAND,rolled_back_to_phase_start,S1902M,True,True,4
cicero_g000_p003_GERMANY,0,S1902M,GERMANY,full,S1909M,False,False,0
cicero_g000_p003_GERMANY,0,S1902M,GERMANY,rolled_back_to_phase_start,S1902M,True,True,5
cicero_g000_p004_ENGLAND,0,F1902M,ENGLAND,full,S1909M,False,False,0
cicero_g000_p004_ENGLAND,0,F1902M,ENGLAND,rolled_back_to_phase_start,F1902M,True,True,4
cicero_g000_p004_GERMANY,0,F1902M,GERMANY,full,S1909M,False,False,0
cicero_g000_p004_GERMANY,0,F1902M,GERMANY,rolled_back_to_phase_start,F1902M,True,True,5
cicero_g000_p007_ENGLAND,0,S1903M,ENGLAND,full,S1909M,False,False,0
cicero_g000_p007_ENGLAND,0,S1903M,ENGLAND,rolled_back_to_phase_start,S1903M,True,True,5
cicero_g000_p007_GERMANY,0,S1903M,GERMANY,full,S1909M,False,False,0
cicero_g000_p007_GERMANY,0,S1903M,GERMANY,rolled_back_to_phase_start,S1903M,True,True,6
cicero_g000_p012_ENGLAND,0,S1904M,ENGLAND,full,S1909M,False,False,0
cicero_g000_p012_ENGLAND,0,S1904M,ENGLAND,rolled_back_to_phase_start,S1904M,True,True,7
cicero_g000_p012_GERMANY,0,S1904M,GERMANY,full,S1909M,False,False,0
cicero_g000_p012_GERMANY,0,S1904M,GERMANY,rolled_back_to_phase_start,S1904M,True,True,2
cicero_g000_p014_ENGLAND,0,F1904M,ENGLAND,full,S1909M,False,False,0
cicero_g000_p014_ENGLAND,0,F1904M,ENGLAND,rolled_back_to_phase_start,F1904M,True,True,7
cicero_g000_p017_AUSTRIA,0,S1905M,AUSTRIA,full,S1909M,False,False,0
cicero_g000_p017_AUSTRIA,0,S1905M,AUSTRIA,rolled_back_to_phase_start,S1905M,True,False,0
cicero_g000_p017_AUSTRIA,0,S1905M,AUSTRIA,rolled_back_to_phase_end,S1905M,True,False,0
cicero_g000_p017_AUSTRIA,0,S1905M,AUSTRIA,prefix,S1905M,True,False,0
cicero_g000_p017_AUSTRIA,0,S1905M,AUSTRIA,prefix_orders_cleared,S1905M,True,False,0
cicero_g000_p017_ENGLAND,0,S1905M,ENGLAND,full,S1909M,False,False,0
cicero_g000_p017_ENGLAND,0,S1905M,ENGLAND,rolled_back_to_phase_start,S1905M,True,False,0
cicero_g000_p017_ENGLAND,0,S1905M,ENGLAND,rolled_back_to_phase_end,S1905M,True,False,0
cicero_g000_p017_ENGLAND,0,S1905M,ENGLAND,prefix,S1905M,True,False,0
cicero_g000_p017_ENGLAND,0,S1905M,ENGLAND,prefix_orders_cleared,S1905M,True,False,0
cicero_g000_p025_ENGLAND,0,S1907M,ENGLAND,full,S1909M,False,False,0
cicero_g000_p025_ENGLAND,0,S1907M,ENGLAND,rolled_back_to_phase_start,S1907M,True,False,0
cicero_g000_p025_ENGLAND,0,S1907M,ENGLAND,rolled_back_to_phase_end,S1907M,True,False,0
cicero_g000_p025_ENGLAND,0,S1907M,ENGLAND,prefix,S1907M,True,False,0
cicero_g000_p025_ENGLAND,0,S1907M,ENGLAND,prefix_orders_cleared,S1907M,True,False,0
cicero_g000_p032_AUSTRIA,0,F1908M,AUSTRIA,full,S1909M,False,False,0
cicero_g000_p032_AUSTRIA,0,F1908M,AUSTRIA,rolled_back_to_phase_start,F1908M,True,False,0
cicero_g000_p032_AUSTRIA,0,F1908M,AUSTRIA,rolled_back_to_phase_end,F1908M,True,False,0
cicero_g000_p032_AUSTRIA,0,F1908M,AUSTRIA,prefix,F1908M,True,False,0
cicero_g000_p032_AUSTRIA,0,F1908M,AUSTRIA,prefix_orders_cleared,F1908M,True,False,0
cicero_g000_p032_ENGLAND,0,F1908M,ENGLAND,full,S1909M,False,False,0
cicero_g000_p032_ENGLAND,0,F1908M,ENGLAND,rolled_back_to_phase_start,F1908M,True,False,0
cicero_g000_p032_ENGLAND,0,F1908M,ENGLAND,rolled_back_to_phase_end,F1908M,True,False,0
cicero_g000_p032_ENGLAND,0,F1908M,ENGLAND,prefix,F1908M,True,False,0
cicero_g000_p032_ENGLAND,0,F1908M,ENGLAND,prefix_orders_cleared,F1908M,True,False,0
cicero_g001_p000_AUSTRIA,1,S1901M,AUSTRIA,full,F1908M,False,False,0
cicero_g001_p000_AUSTRIA,1,S1901M,AUSTRIA,rolled_back_to_phase_start,S1901M,True,True,3
cicero_g001_p000_ENGLAND,1,S1901M,ENGLAND,full,F1908M,False,False,0
cicero_g001_p000_ENGLAND,1,S1901M,ENGLAND,rolled_back_to_phase_start,S1901M,True,True,3
cicero_g001_p000_FRANCE,1,S1901M,FRANCE,full,F1908M,False,False,0
cicero_g001_p000_FRANCE,1,S1901M,FRANCE,rolled_back_to_phase_start,S1901M,True,True,3
cicero_g001_p000_ITALY,1,S1901M,ITALY,full,F1908M,False,False,0
cicero_g001_p000_ITALY,1,S1901M,ITALY,rolled_back_to_phase_start,S1901M,True,True,3
cicero_g001_p000_TURKEY,1,S1901M,TURKEY,full,F1908M,False,False,0
cicero_g001_p000_TURKEY,1,S1901M,TURKEY,rolled_back_to_phase_start,S1901M,True,True,3
cicero_g001_p001_AUSTRIA,1,F1901M,AUSTRIA,full,F1908M,False,False,0
cicero_g001_p001_AUSTRIA,1,F1901M,AUSTRIA,rolled_back_to_phase_start,F1901M,True,True,3
cicero_g001_p001_ENGLAND,1,F1901M,ENGLAND,full,F1908M,False,False,0
cicero_g001_p001_ENGLAND,1,F1901M,ENGLAND,rolled_back_to_phase_start,F1901M,True,True,3
cicero_g001_p001_FRANCE,1,F1901M,FRANCE,full,F1908M,False,False,0
cicero_g001_p001_FRANCE,1,F1901M,FRANCE,rolled_back_to_phase_start,F1901M,True,True,3
cicero_g001_p001_ITALY,1,F1901M,ITALY,full,F1908M,False,False,0
cicero_g001_p001_ITALY,1,F1901M,ITALY,rolled_back_to_phase_start,F1901M,True,True,3
cicero_g001_p003_AUSTRIA,1,S1902M,AUSTRIA,full,F1908M,False,False,0
cicero_g001_p003_AUSTRIA,1,S1902M,AUSTRIA,rolled_back_to_phase_start,S1902M,True,True,5
cicero_g001_p003_FRANCE,1,S1902M,FRANCE,full,F1908M,False,False,0
cicero_g001_p003_FRANCE,1,S1902M,FRANCE,rolled_back_to_phase_start,S1902M,True,True,5
cicero_g001_p003_ITALY,1,S1902M,ITALY,full,F1908M,False,False,0
cicero_g001_p003_ITALY,1,S1902M,ITALY,rolled_back_to_phase_start,S1902M,True,True,4
cicero_g001_p005_AUSTRIA,1,F1902M,AUSTRIA,full,F1908M,False,False,0
cicero_g001_p005_AUSTRIA,1,F1902M,AUSTRIA,rolled_back_to_phase_start,F1902M,True,True,5
cicero_g001_p005_ITALY,1,F1902M,ITALY,full,F1908M,False,False,0
cicero_g001_p005_ITALY,1,F1902M,ITALY,rolled_back_to_phase_start,F1902M,True,True,4
cicero_g001_p005_TURKEY,1,F1902M,TURKEY,full,F1908M,False,False,0
cicero_g001_p005_TURKEY,1,F1902M,TURKEY,rolled_back_to_phase_start,F1902M,True,True,4
cicero_g001_p008_AUSTRIA,1,S1903M,AUSTRIA,full,F1908M,False,False,0
cicero_g001_p008_AUSTRIA,1,S1903M,AUSTRIA,rolled_back_to_phase_start,S1903M,True,True,4
cicero_g001_p008_ITALY,1,S1903M,ITALY,full,F1908M,False,False,0
cicero_g001_p008_ITALY,1,S1903M,ITALY,rolled_back_to_phase_start,S1903M,True,True,5
cicero_g001_p010_AUSTRIA,1,F1903M,AUSTRIA,full,F1908M,False,False,0
cicero_g001_p010_AUSTRIA,1,F1903M,AUSTRIA,rolled_back_to_phase_start,F1903M,True,True,4
cicero_g001_p010_ITALY,1,F1903M,ITALY,full,F1908M,False,False,0
cicero_g001_p010_ITALY,1,F1903M,ITALY,rolled_back_to_phase_start,F1903M,True,True,5
cicero_g001_p013_AUSTRIA,1,S1904M,AUSTRIA,full,F1908M,False,False,0
cicero_g001_p013_AUSTRIA,1,S1904M,AUSTRIA,rolled_back_to_phase_start,S1904M,True,True,4
cicero_g001_p013_ITALY,1,S1904M,ITALY,full,F1908M,False,False,0
cicero_g001_p013_ITALY,1,S1904M,ITALY,rolled_back_to_phase_start,S1904M,True,True,4
cicero_g001_p015_FRANCE,1,F1904M,FRANCE,full,F1908M,False,False,0
cicero_g001_p015_FRANCE,1,F1904M,FRANCE,rolled_back_to_phase_start,F1904M,True,True,7
cicero_g001_p015_ITALY,1,F1904M,ITALY,full,F1908M,False,False,0
cicero_g001_p015_ITALY,1,F1904M,ITALY,rolled_back_to_phase_start,F1904M,True,True,4
cicero_g001_p020_FRANCE,1,F1905M,FRANCE,full,F1908M,False,False,0
cicero_g001_p020_FRANCE,1,F1905M,FRANCE,rolled_back_to_phase_start,F1905M,True,True,10
cicero_g001_p020_ITALY,1,F1905M,ITALY,full,F1908M,False,False,0
cicero_g001_p020_ITALY,1,F1905M,ITALY,rolled_back_to_phase_start,F1905M,True,True,4
cicero_g001_p023_ITALY,1,S1906M,ITALY,full,F1908M,False,False,0
cicero_g001_p023_ITALY,1,S1906M,ITALY,rolled_back_to_phase_start,S1906M,True,False,0
cicero_g001_p023_ITALY,1,S1906M,ITALY,rolled_back_to_phase_end,S1906M,True,False,0
cicero_g001_p023_ITALY,1,S1906M,ITALY,prefix,S1906M,True,False,0
cicero_g001_p023_ITALY,1,S1906M,ITALY,prefix_orders_cleared,S1906M,True,False,0
cicero_g001_p023_TURKEY,1,S1906M,TURKEY,full,F1908M,False,False,0
cicero_g001_p023_TURKEY,1,S1906M,TURKEY,rolled_back_to_phase_start,S1906M,True,False,0
cicero_g001_p023_TURKEY,1,S1906M,TURKEY,rolled_back_to_phase_end,S1906M,True,False,0
cicero_g001_p023_TURKEY,1,S1906M,TURKEY,prefix,S1906M,True,False,0
cicero_g001_p023_TURKEY,1,S1906M,TURKEY,prefix_orders_cleared,S1906M,True,False,0
cicero_g001_p025_AUSTRIA,1,F1906M,AUSTRIA,full,F1908M,False,False,0
cicero_g001_p025_AUSTRIA,1,F1906M,AUSTRIA,rolled_back_to_phase_start,F1906M,True,False,0
cicero_g001_p025_AUSTRIA,1,F1906M,AUSTRIA,rolled_back_to_phase_end,F1906M,True,False,0
cicero_g001_p025_AUSTRIA,1,F1906M,AUSTRIA,prefix,F1906M,True,False,0
cicero_g001_p025_AUSTRIA,1,F1906M,AUSTRIA,prefix_orders_cleared,F1906M,True,False,0
cicero_g001_p025_ITALY,1,F1906M,ITALY,full,F1908M,False,False,0
cicero_g001_p025_ITALY,1,F1906M,ITALY,rolled_back_to_phase_start,F1906M,True,False,0
cicero_g001_p025_ITALY,1,F1906M,ITALY,rolled_back_to_phase_end,F1906M,True,False,0
cicero_g001_p025_ITALY,1,F1906M,ITALY,prefix,F1906M,True,False,0
cicero_g001_p025_ITALY,1,F1906M,ITALY,prefix_orders_cleared,F1906M,True,False,0
cicero_g001_p025_TURKEY,1,F1906M,TURKEY,full,F1908M,False,False,0
cicero_g001_p025_TURKEY,1,F1906M,TURKEY,rolled_back_to_phase_start,F1906M,True,False,0
cicero_g001_p025_TURKEY,1,F1906M,TURKEY,rolled_back_to_phase_end,F1906M,True,False,0
cicero_g001_p025_TURKEY,1,F1906M,TURKEY,prefix,F1906M,True,False,0
cicero_g001_p025_TURKEY,1,F1906M,TURKEY,prefix_orders_cleared,F1906M,True,False,0
cicero_g001_p028_ITALY,1,S1907M,ITALY,full,F1908M,False,False,0
cicero_g001_p028_ITALY,1,S1907M,ITALY,rolled_back_to_phase_start,S1907M,True,False,0
cicero_g001_p028_ITALY,1,S1907M,ITALY,rolled_back_to_phase_end,S1907M,True,False,0
cicero_g001_p028_ITALY,1,S1907M,ITALY,prefix,S1907M,True,False,0
cicero_g001_p028_ITALY,1,S1907M,ITALY,prefix_orders_cleared,S1907M,True,False,0
cicero_g001_p028_TURKEY,1,S1907M,TURKEY,full,F1908M,False,False,0
cicero_g001_p028_TURKEY,1,S1907M,TURKEY,rolled_back_to_phase_start,S1907M,True,False,0
cicero_g001_p028_TURKEY,1,S1907M,TURKEY,rolled_back_to_phase_end,S1907M,True,False,0
cicero_g001_p028_TURKEY,1,S1907M,TURKEY,prefix,S1907M,True,False,0
cicero_g001_p028_TURKEY,1,S1907M,TURKEY,prefix_orders_cleared,S1907M,True,False,0
cicero_g001_p030_ITALY,1,F1907M,ITALY,full,F1908M,False,False,0
cicero_g001_p030_ITALY,1,F1907M,ITALY,rolled_back_to_phase_start,F1907M,True,False,0
cicero_g001_p030_ITALY,1,F1907M,ITALY,rolled_back_to_phase_end,F1907M,True,False,0
cicero_g001_p030_ITALY,1,F1907M,ITALY,prefix,F1907M,True,False,0
cicero_g001_p030_ITALY,1,F1907M,ITALY,prefix_orders_cleared,F1907M,True,False,0
cicero_g001_p030_TURKEY,1,F1907M,TURKEY,full,F1908M,False,False,0
cicero_g001_p030_TURKEY,1,F1907M,TURKEY,rolled_back_to_phase_start,F1907M,True,False,0
cicero_g001_p030_TURKEY,1,F1907M,TURKEY,rolled_back_to_phase_end,F1907M,True,False,0
cicero_g001_p030_TURKEY,1,F1907M,TURKEY,prefix,F1907M,True,False,0
cicero_g001_p030_TURKEY,1,F1907M,TURKEY,prefix_orders_cleared,F1907M,True,False,0
cicero_g002_p000_ITALY,2,S1901M,ITALY,full,S1909M,False,False,0
cicero_g002_p000_ITALY,2,S1901M,ITALY,rolled_back_to_phase_start,S1901M,True,True,3
