outer_generate_message_call_id,message_event_sequence,message_time_unix,sender,recipient,phase,final_message,time_sent,dialogue_call_id,dialogue_result_sequence,dialogue_input_sequence,dialogue_input_time_unix,dialogue_output_match_strength,dialogue_output_match_mode,dialogue_task,task_exact_match,input_sha256,input_bytes,planner_pair_mode,planner_event_sequence,planner_call_id,planner_time_unix,planner_to_input_lag_seconds,agent_top_orders,agent_top_probability,bp_top_orders,bp_top_probability,agent_bp_top_disagree,observer_parse_ok,observer_parse_reason,observer_source_line,observer_source_line_number,observer_orders,observer_exact_planner_top_match,observer_planner_order_jaccard,observer_exact_bp_top_match,planner_top_all_orders_visible_anywhere_in_input,planner_top_all_orders_literal_in_final_message,future_final_message_found_in_input,exact_input_path
generate_message-208111-1,11,1786809021.0405421,ITALY,AUSTRIA,S1901M,Hey Austria! Just wanted to check in and let you know I'm interested in working together. Do you have any preferences as to how we start?,60201,dialogue_model_get_model_pred-208111-8,10,9,1786809019.9945128,2,message_substring_of_model_output,message_history_orderhistorysincelastmovementphase_shortstate_pseudoorder_dialogue_chunk,True,1bb411d13feb43aec74db3a64bcde95a847093e2ffed296606734a163d0ff554,1105,exact_sender_recipient_phase_before_input,3,run_bilateral_search_with_conditional_evs-208111-2,1786809016.0295782,3.9649345874786377,A ROM - APU | A VEN H | F NAP - ION,0.48836307231417025,A ROM - APU | A VEN H | F NAP - ION,0.3122514439329085,False,True,first_sender_order_line_after_state,ITALY: A ROM APU; A VEN H; F NAP ION,11,A ROM APU | A VEN H | F NAP ION,True,1.0,True,True,False,False,/workspace/latent-reservations/notebook_outputs/17_cicero_exact_dialogue_input_visibility/20260815T154340Z/data/exact_dialogue_inputs/episode_0000_ITALY_AUSTRIA_1bb411d13feb43ae.txt
generate_message-208111-9,21,1786809029.3714764,ITALY,GERMANY,S1901M,Hey Germany! Just wanted to check in and let you know I'm interested in working together. Would you like to agree to keep Tyrolia empty?,71093,dialogue_model_get_model_pred-208111-16,20,19,1786809028.2479188,2,message_substring_of_model_output,message_history_orderhistorysincelastmovementphase_shortstate_pseudoorder_dialogue_chunk,True,f030ef06cb9f10ac0ea0806a59ee8ff239b5da4cd0ca1f95910c9ac8182316dd,789,exact_sender_recipient_phase_before_input,16,run_bilateral_search_with_conditional_evs-208111-13,1786809024.65858,3.589338779449463,A ROM - APU | A VEN H | F NAP - ION,0.5063117607831636,A ROM - APU | A VEN H | F NAP - ION,0.3122514439329085,False,True,first_sender_order_line_after_state,ITALY: A ROM APU; A VEN H; F NAP ION,10,A ROM APU | A VEN H | F NAP ION,True,1.0,True,True,False,False,/workspace/latent-reservations/notebook_outputs/17_cicero_exact_dialogue_input_visibility/20260815T154340Z/data/exact_dialogue_inputs/episode_0001_ITALY_GERMANY_f030ef06cb9f10ac.txt
generate_message-208111-17,31,1786809043.9402447,FRANCE,GERMANY,S1901M,"Hey Germany! Just checking in to see what your thoughts on Burgundy are, and what your thoughts are on Belgium!",75101,dialogue_model_get_model_pred-208111-24,30,29,1786809043.0692205,2,message_substring_of_model_output,message_history_orderhistorysincelastmovementphase_shortstate_pseudoorder_dialogue_chunk,True,5be0045cf250b978c145135ae53be604c02a09fee99e908c38fda579b27ed029,1044,exact_sender_recipient_phase_before_input,25,run_bilateral_search_with_conditional_evs-208111-20,1786809039.3661573,3.7030632495880127,A MAR S A PAR - BUR | A PAR - BUR | F BRE - MAO,0.4178157269496583,A MAR S A PAR - BUR | A PAR - BUR | F BRE - MAO,0.4777230923442091,False,True,first_sender_order_line_after_state,FRANCE: A MAR S A PAR BUR; A PAR BUR; F BRE MAO,11,A MAR S A PAR BUR | A PAR BUR | F BRE MAO,True,1.0,True,True,False,False,/workspace/latent-reservations/notebook_outputs/17_cicero_exact_dialogue_input_visibility/20260815T154340Z/data/exact_dialogue_inputs/episode_0002_FRANCE_GERMANY_5be0045cf250b978.txt
generate_message-208111-25,45,1786809061.6733224,AUSTRIA,ITALY,S1901M,Hey Italy! I'd love to work together. How would you like to open?,79301,dialogue_model_get_model_pred-208111-34,44,43,1786809060.5420372,2,message_substring_of_model_output,message_history_orderhistorysincelastmovementphase_shortstate_pseudoorder_dialogue_chunk,True,a0efa9c44ac1dba7427257e95c6a22bae815827ec1915803fa45a470c5bdabda,1260,exact_sender_recipient_phase_before_input,36,run_bilateral_search_with_conditional_evs-208111-29,1786809054.2957397,6.246297597885132,A BUD - SER | A VIE - GAL | F TRI - ALB,0.5951421467467956,A BUD - SER | A VIE - GAL | F TRI - ALB,0.6374617018121373,False,True,first_sender_order_line_after_state,AUSTRIA: A BUD SER; A VIE GAL; F TRI ALB,12,A BUD SER | A VIE GAL | F TRI ALB,True,1.0,True,True,False,False,/workspace/latent-reservations/notebook_outputs/17_cicero_exact_dialogue_input_visibility/20260815T154340Z/data/exact_dialogue_inputs/episode_0003_AUSTRIA_ITALY_a0efa9c44ac1dba7.txt
generate_message-208111-35,61,1786809075.0927641,FRANCE,ENGLAND,S1901M,"Hey England! I'm hoping that we can avoid the early war that so often ruins things for both of us, so I'm hoping that we can agree to a demilitarized channel, and we can either go after Germany, or go our separate ways to start the game! What do you think?",80503,dialogue_model_get_model_pred-208111-45,60,59,1786809073.0534012,2,message_substring_of_model_output,message_history_orderhistorysincelastmovementphase_shortstate_pseudoorder_dialogue_chunk,True,224497a34b4810786e56880cdeeb6f00d27b1140134339809f65eb7b93c82a6e,769,exact_sender_recipient_phase_before_input,48,run_bilateral_search_with_conditional_evs-208111-37,1786809065.8484,7.20500111579895,A MAR S A PAR - BUR | A PAR - BUR | F BRE - MAO,0.6209472901419923,A MAR S A PAR - BUR | A PAR - BUR | F BRE - MAO,0.4773447961609654,False,True,first_sender_order_line_after_state,FRANCE: A MAR BUR; A PAR PIC; F BRE MAO,10,A MAR BUR | A PAR PIC | F BRE MAO,False,0.2,False,False,False,False,/workspace/latent-reservations/notebook_outputs/17_cicero_exact_dialogue_input_visibility/20260815T154340Z/data/exact_dialogue_inputs/episode_0004_FRANCE_ENGLAND_224497a34b481078.txt
generate_message-208111-46,71,1786809089.9013512,GERMANY,FRANCE,S1901M,"Hey France, happy to hear from you!",81301,dialogue_model_get_model_pred-208111-53,70,69,1786809088.971393,2,message_substring_of_model_output,message_history_orderhistorysincelastmovementphase_shortstate_pseudoorder_dialogue_chunk,True,b668a61ea9cf5d3c6984c81a1b35cf9966460995e53df64dc7a390ea007ba178,1440,exact_sender_recipient_phase_before_input,65,run_bilateral_search_with_conditional_evs-208111-49,1786809085.3576477,3.6137454509735107,A BER - KIE | A MUN - RUH | F KIE - DEN,0.7508346302752265,A BER - KIE | A MUN - RUH | F KIE - DEN,0.7404874957409524,False,True,first_sender_order_line_after_state,GERMANY: A BER KIE; A MUN RUH; F KIE DEN,13,A BER KIE | A MUN RUH | F KIE DEN,True,1.0,True,True,False,False,/workspace/latent-reservations/notebook_outputs/17_cicero_exact_dialogue_input_visibility/20260815T154340Z/data/exact_dialogue_inputs/episode_0005_GERMANY_FRANCE_b668a61ea9cf5d3c.txt
generate_message-208111-54,81,1786809098.887261,AUSTRIA,RUSSIA,S1901M,Hey Russia! Any interest in working together? Do you want to bounce in Galicia?,81302,dialogue_model_get_model_pred-208111-61,80,79,1786809097.7484524,2,message_substring_of_model_output,message_history_orderhistorysincelastmovementphase_shortstate_pseudoorder_dialogue_chunk,True,cfdb5f03f32b33b7fe6ebd88cf318dcb00b8bfa556db01754f00c349b347ae03,912,exact_sender_recipient_phase_before_input,77,run_bilateral_search_with_conditional_evs-208111-59,1786809094.1372683,3.6111841201782227,A BUD - SER | A VIE - GAL | F TRI - ALB,0.88250883751103,A BUD - SER | A VIE - GAL | F TRI - ALB,0.8626722412606092,False,True,first_sender_order_line_after_state,AUSTRIA: A BUD SER; A VIE GAL; F TRI ALB,11,A BUD SER | A VIE GAL | F TRI ALB,True,1.0,True,True,False,False,/workspace/latent-reservations/notebook_outputs/17_cicero_exact_dialogue_input_visibility/20260815T154340Z/data/exact_dialogue_inputs/episode_0006_AUSTRIA_RUSSIA_cfdb5f03f32b33b7.txt
generate_message-208111-62,91,1786809113.3983543,TURKEY,RUSSIA,S1901M,"Hey Russia, just reaching out to establish comms! I'd be down for a classic juggernaut if you are!",82301,dialogue_model_get_model_pred-208111-69,90,89,1786809112.4618306,2,message_substring_of_model_output,message_history_orderhistorysincelastmovementphase_shortstate_pseudoorder_dialogue_chunk,True,7a93e4876fc67ddae7a6da71a7336bbc5382f65954b671b6dbfcb5fc37616c43,1123,exact_sender_recipient_phase_before_input,88,run_bilateral_search_with_conditional_evs-208111-68,1786809108.999716,3.4621145725250244,A CON - BUL | A SMY - CON | F ANK - BLA,0.8570724016122613,A CON - BUL | A SMY - CON | F ANK - BLA,0.8234673784888723,False,True,first_sender_order_line_after_state,TURKEY: A CON BUL; A SMY CON; F ANK BLA,11,A CON BUL | A SMY CON | F ANK BLA,True,1.0,True,True,False,False,/workspace/latent-reservations/notebook_outputs/17_cicero_exact_dialogue_input_visibility/20260815T154340Z/data/exact_dialogue_inputs/episode_0007_TURKEY_RUSSIA_7a93e4876fc67dda.txt
generate_message-208111-70,101,1786809122.6378498,TURKEY,ITALY,S1901M,"Hey Italy! I'm here to ask if you're planning on moving eastward at all. If you are, we can coordinate, if you're looking to the west, I think we can be friends and hopefully work together!",87513,dialogue_model_get_model_pred-208111-77,100,99,1786809121.0626557,2,message_substring_of_model_output,message_history_orderhistorysincelastmovementphase_shortstate_pseudoorder_dialogue_chunk,True,98eee2071d1daed450bc62780d204c0e0297fa80ff74541002b79951b9330d5b,757,exact_sender_recipient_phase_before_input,97,run_bilateral_search_with_conditional_evs-208111-75,1786809117.7360494,3.326606273651123,A CON - BUL | A SMY - CON | F ANK - BLA,0.7859761976088667,A CON - BUL | A SMY - CON | F ANK - BLA,0.8234673784888723,False,True,first_sender_order_line_after_state,TURKEY: A CON BUL; A SMY CON; F ANK BLA,10,A CON BUL | A SMY CON | F ANK BLA,True,1.0,True,True,False,False,/workspace/latent-reservations/notebook_outputs/17_cicero_exact_dialogue_input_visibility/20260815T154340Z/data/exact_dialogue_inputs/episode_0008_TURKEY_ITALY_98eee2071d1daed4.txt
generate_message-208111-78,113,1786809130.9532063,GERMANY,FRANCE,S1901M,"I'm definitely not moving there and hope you also won't be. I think there's some room for us to work together here, do you have any initial thoughts?",87722,dialogue_model_get_model_pred_many-208111-79,104,103,1786809123.0598903,2,message_substring_of_model_output,message_history_orderhistorysincelastmovementphase_shortstate_pseudoorder_dialogue_chunk,True,8b290d40159d2ec7883d91273b69f43310bfd0a156f64c51d12e6c06e3b47fa0,972,exact_sender_recipient_phase_before_input,65,run_bilateral_search_with_conditional_evs-208111-49,1786809085.3576477,37.702242612838745,A BER - KIE | A MUN - RUH | F KIE - DEN,0.7508346302752265,A BER - KIE | A MUN - RUH | F KIE - DEN,0.7404874957409524,False,True,first_sender_order_line_after_state,GERMANY: A BER KIE; A MUN RUH; F KIE DEN,12,A BER KIE | A MUN RUH | F KIE DEN,True,1.0,True,True,False,False,/workspace/latent-reservations/notebook_outputs/17_cicero_exact_dialogue_input_visibility/20260815T154340Z/data/exact_dialogue_inputs/episode_0009_GERMANY_FRANCE_8b290d40159d2ec7.txt
generate_message-208111-106,161,1786809160.6583724,FRANCE,GERMANY,S1901M,"I'm hoping that we can come to some sort of agreement, whether that is to attack England, or have a Western Triple, but I'm thinking the Western Triple might be a little early for this board haha.",88364,dialogue_model_get_model_pred_many-208111-113,152,151,1786809156.1250122,2,message_substring_of_model_output,message_history_orderhistorysincelastmovementphase_shortstate_pseudoorder_dialogue_chunk,True,6f61d3183e0ecd0c087c972e3202bd459589dd77e638315c3abf9aa042c32224,1262,exact_sender_recipient_phase_before_input,147,run_bilateral_search_with_conditional_evs-208111-109,1786809152.3079774,3.8170347213745117,A MAR - SPA | A PAR - BUR | F BRE - MAO,0.2665531179776296,A MAR - SPA | A PAR - BUR | F BRE - MAO,0.21066682547887886,False,True,first_sender_order_line_after_state,FRANCE: A MAR SPA; A PAR PIC; F BRE MAO,13,A MAR SPA | A PAR PIC | F BRE MAO,False,0.5,False,False,False,False,/workspace/latent-reservations/notebook_outputs/17_cicero_exact_dialogue_input_visibility/20260815T154340Z/data/exact_dialogue_inputs/episode_0010_FRANCE_GERMANY_6f61d3183e0ecd0c.txt
generate_message-208111-122,179,1786809173.0731518,GERMANY,ITALY,S1901M,"Hey Italy, happy to hear from you! I am definitely not interested in moving there and hope you also won't be, so I think a Tyrolia DMZ works for me.",91964,dialogue_model_get_model_pred_many-208111-129,170,169,1786809167.7899263,2,message_substring_of_model_output,message_history_orderhistorysincelastmovementphase_shortstate_pseudoorder_dialogue_chunk,True,8cf086bd28dcfb46afc19c39f009061bcce134c3a57b998bb0437abacc9d431d,1371,exact_sender_recipient_phase_before_input,166,run_bilateral_search_with_conditional_evs-208111-126,1786809164.4512525,3.3386738300323486,A BER - KIE | A MUN - RUH | F KIE - DEN,0.7835916252602747,A BER - KIE | A MUN - RUH | F KIE - DEN,0.763942955691034,False,True,first_sender_order_line_after_state,GERMANY: A BER KIE; A MUN RUH; F KIE DEN,14,A BER KIE | A MUN RUH | F KIE DEN,True,1.0,True,True,False,False,/workspace/latent-reservations/notebook_outputs/17_cicero_exact_dialogue_input_visibility/20260815T154340Z/data/exact_dialogue_inputs/episode_0011_GERMANY_ITALY_8cf086bd28dcfb46.txt
generate_message-208111-138,191,1786809178.9625533,FRANCE,GERMANY,S1901M,"I definitely won't move there, and am not intending to do so either.",92320,dialogue_model_get_model_pred_many-208111-139,182,181,1786809173.5104449,2,message_substring_of_model_output,message_history_orderhistorysincelastmovementphase_shortstate_pseudoorder_dialogue_chunk,True,3068fcb8c3f7b44f9a6ff176c2312f3a9da6bef6dd3644e6092d71e587116407,1481,exact_sender_recipient_phase_before_input,160,run_bilateral_search_with_conditional_evs-208111-121,1786809160.0131843,13.497260570526123,A MAR - SPA | A PAR - BUR | F BRE - MAO,0.29761599969913166,A MAR - SPA | A PAR - BUR | F BRE - MAO,0.23653798094787898,False,True,first_sender_order_line_after_state,FRANCE: A MAR SPA; A PAR PIC; F BRE MAO,14,A MAR SPA | A PAR PIC | F BRE MAO,False,0.5,False,False,False,False,/workspace/latent-reservations/notebook_outputs/17_cicero_exact_dialogue_input_visibility/20260815T154340Z/data/exact_dialogue_inputs/episode_0012_FRANCE_GERMANY_3068fcb8c3f7b44f.txt
generate_message-208111-148,203,1786809193.5229027,ENGLAND,FRANCE,S1901M,Hey France! That all sounds really good to me,94003,dialogue_model_get_model_pred-208111-156,202,201,1786809192.5608308,2,message_substring_of_model_output,message_history_orderhistorysincelastmovementphase_shortstate_pseudoorder_dialogue_chunk,True,fc7a0befb6d650b1485433a6c27c0102f400a7e052ca9fbe94212e692513453d,1369,exact_sender_recipient_phase_before_input,194,run_bilateral_search_with_conditional_evs-208111-150,1786809188.673864,3.8869669437408447,A LVP - YOR | F EDI - NWG | F LON - NTH,0.5323646891796144,A LVP - YOR | F EDI - NWG | F LON - NTH,0.49831744306884695,False,True,first_sender_order_line_after_state,ENGLAND: A LVP YOR; F EDI NWG; F LON NTH,12,A LVP YOR | F EDI NWG | F LON NTH,True,1.0,True,True,False,False,/workspace/latent-reservations/notebook_outputs/17_cicero_exact_dialogue_input_visibility/20260815T154340Z/data/exact_dialogue_inputs/episode_0013_ENGLAND_FRANCE_fc7a0befb6d650b1.txt
generate_message-208111-157,215,1786809212.4566104,RUSSIA,TURKEY,S1901M,"Hey Turkey!
Totally in! I am a huge fan of juggernauts, and one of my favourites is classic!

I am a pretty big believer that a bounce in BLA is a necessity to build some trust between us in the spring, but after that, and after we get rolling in the Balkans, we can start Dmzing it. Would that be okay with you?",95528,dialogue_model_get_model_pred-208111-165,214,213,1786809209.543941,0,last_dialogue_call_fallback,message_history_orderhistorysincelastmovementphase_shortstate_pseudoorder_dialogue_chunk,True,1aca781d110753988160e79c6ddfe6ea340243594dd5d85d61e9bf20f2c91467,1464,exact_sender_recipient_phase_before_input,210,run_bilateral_search_with_conditional_evs-208111-163,1786809204.5237036,5.020237445831299,A MOS - UKR | A WAR - GAL | F SEV - BLA | F STP/SC - BOT,0.5428285998119111,A MOS - UKR | A WAR - GAL | F SEV - BLA | F STP/SC - BOT,0.7028613240185806,False,True,first_sender_order_line_after_state,RUSSIA: A MOS UKR; A WAR GAL; F SEV BLA; F STP/SC BOT,13,A MOS UKR | A WAR GAL | F SEV BLA | F STP/SC BOT,True,1.0,True,True,False,False,/workspace/latent-reservations/notebook_outputs/17_cicero_exact_dialogue_input_visibility/20260815T154340Z/data/exact_dialogue_inputs/episode_0014_RUSSIA_TURKEY_1aca781d11075398.txt
generate_message-208111-166,225,1786809221.956342,GERMANY,RUSSIA,S1901M,"Hey Russia, happy to hear from you! I hope we can agree to an amicable relationship - it makes no sense for us to fight early.",97408,dialogue_model_get_model_pred-208111-173,224,223,1786809220.447973,2,message_substring_of_model_output,message_history_orderhistorysincelastmovementphase_shortstate_pseudoorder_dialogue_chunk,True,750256e81a7b3cc75ecaaad6b60a36dd08370459a72bbcf038af0a37be65b24d,1655,exact_sender_recipient_phase_before_input,221,run_bilateral_search_with_conditional_evs-208111-171,1786809216.8979428,3.55003023147583,A BER - KIE | A MUN - RUH | F KIE - DEN,0.8041771973287843,A BER - KIE | A MUN - RUH | F KIE - DEN,0.8121414673421035,False,True,first_sender_order_line_after_state,GERMANY: A BER KIE; A MUN RUH; F KIE DEN,16,A BER KIE | A MUN RUH | F KIE DEN,True,1.0,True,True,False,False,/workspace/latent-reservations/notebook_outputs/17_cicero_exact_dialogue_input_visibility/20260815T154340Z/data/exact_dialogue_inputs/episode_0015_GERMANY_RUSSIA_750256e81a7b3cc7.txt
generate_message-208111-190,261,1786809251.0988681,ITALY,TURKEY,S1901M,Hey Turkey! Definitely leaning toward being friends and hopefully working together. Do you have any thoughts on how we start?,99764,dialogue_model_get_model_pred_many-208111-197,252,251,1786809245.5946693,2,message_substring_of_model_output,message_history_orderhistorysincelastmovementphase_shortstate_pseudoorder_dialogue_chunk,True,a7758be9f5d0b31a9c7623c1956cda1e5e1d8b1c54267e35e45fbf31ecbbb94b,1413,exact_sender_recipient_phase_before_input,250,run_bilateral_search_with_conditional_evs-208111-196,1786809242.1614726,3.433196783065796,A ROM - APU | A VEN H | F NAP - ION,0.6014183964210938,A ROM - APU | A VEN H | F NAP - ION,0.5685970450563604,False,True,first_sender_order_line_after_state,ITALY: A ROM APU; A VEN H; F NAP ION,14,A ROM APU | A VEN H | F NAP ION,True,1.0,True,True,False,False,/workspace/latent-reservations/notebook_outputs/17_cicero_exact_dialogue_input_visibility/20260815T154340Z/data/exact_dialogue_inputs/episode_0016_ITALY_TURKEY_a7758be9f5d0b31a.txt
generate_message-208111-206,279,1786809262.5982995,FRANCE,ENGLAND,S1901M,Perfect!,102882,dialogue_model_get_model_pred_many-208111-213,270,269,1786809258.5704613,0,last_dialogue_call_fallback,message_history_orderhistorysincelastmovementphase_shortstate_pseudoorder_dialogue_chunk,True,ccba7ff08569e94dd28f1cee07063bf3af7215815ad87d7f302fc93bc49dbc99,1652,exact_sender_recipient_phase_before_input,264,run_bilateral_search_with_conditional_evs-208111-208,1786809254.941732,3.6287293434143066,A MAR - SPA | A PAR - PIC | F BRE - MAO,0.27553287085787403,A MAR - SPA | A PAR - BUR | F BRE - MAO,0.24034206570541558,True,True,first_sender_order_line_after_state,FRANCE: A MAR SPA; A PAR PIC; F BRE MAO,16,A MAR SPA | A PAR PIC | F BRE MAO,True,1.0,False,True,False,False,/workspace/latent-reservations/notebook_outputs/17_cicero_exact_dialogue_input_visibility/20260815T154340Z/data/exact_dialogue_inputs/episode_0017_FRANCE_ENGLAND_ccba7ff08569e94d.txt
generate_message-208111-240,327,1786809300.8096473,ITALY,AUSTRIA,S1901M,I'm always a fan of the Lepanto but I'm open to suggestions.,106251,dialogue_model_get_model_pred_many-208111-247,318,317,1786809297.0017292,2,message_substring_of_model_output,message_history_orderhistorysincelastmovementphase_shortstate_pseudoorder_dialogue_chunk,True,b9a93e288fbef601723d849c0f122e8fe5fb22dd32d11c72e973158d9ab66f5d,1568,exact_sender_recipient_phase_before_input,311,run_bilateral_search_with_conditional_evs-208111-241,1786809293.0508404,3.9508888721466064,A ROM - APU | A VEN H | F NAP - ION,0.7845076584583552,A ROM - APU | A VEN H | F NAP - ION,0.6813530374109152,False,True,first_sender_order_line_after_state,ITALY: A ROM APU; A VEN H; F NAP ION,15,A ROM APU | A VEN H | F NAP ION,True,1.0,True,True,False,False,/workspace/latent-reservations/notebook_outputs/17_cicero_exact_dialogue_input_visibility/20260815T154340Z/data/exact_dialogue_inputs/episode_0018_ITALY_AUSTRIA_b9a93e288fbef601.txt
generate_message-208111-256,345,1786809318.181412,FRANCE,ITALY,S1901M,"Hey Italy! I'm hoping that we can agree to a peaceful boarder, where we both stay out of Piedmont, and Gulf of Lyon, and we don't have to worry about our mutual borders, and focus our attention elsewhere, what do you think?",109806,dialogue_model_get_model_pred-208111-267,344,343,1786809316.017283,2,message_substring_of_model_output,message_history_orderhistorysincelastmovementphase_shortstate_pseudoorder_dialogue_chunk,True,3509b70acb91d8f2b7526deeecb3f4a8772c71b99c52c2631b0793357a33267d,1677,exact_sender_recipient_phase_before_input,332,run_bilateral_search_with_conditional_evs-208111-260,1786809305.0051224,11.012160539627075,A MAR S A PAR - BUR | A PAR - BUR | F BRE - MAO,0.5735824486464218,A MAR S A PAR - BUR | A PAR - BUR | F BRE - MAO,0.4773447961609654,False,True,first_sender_order_line_after_state,FRANCE: A MAR SPA; A PAR PIC; F BRE MAO,17,A MAR SPA | A PAR PIC | F BRE MAO,False,0.2,False,False,False,False,/workspace/latent-reservations/notebook_outputs/17_cicero_exact_dialogue_input_visibility/20260815T154340Z/data/exact_dialogue_inputs/episode_0019_FRANCE_ITALY_3509b70acb91d8f2.txt
generate_message-208111-268,363,1786809333.7355447,RUSSIA,AUSTRIA,S1901M,"Hey Austria!
Definitely am very much open to working with you! I think Russia-austria is a great alliance that makes sure both players are safe and have a path to keep going. Are you up for a bounce in Galicia? I am okay with it, but we can also start talking about Dmzing it starting next spring, and how to coordinate the rest of our opening against Turkey.",110708,dialogue_model_get_model_pred_many-208111-275,354,353,1786809325.078867,0,last_dialogue_call_fallback,message_history_orderhistorysincelastmovementphase_shortstate_pseudoorder_dialogue_chunk,True,758d774340054a38ebf7f582efec9fbfad7903d0c04f3591c9c669b9185c9a0f,1381,exact_sender_recipient_phase_before_input,347,run_bilateral_search_with_conditional_evs-208111-269,1786809320.7689462,4.309920787811279,A MOS - UKR | A WAR - GAL | F SEV - BLA | F STP/SC - BOT,0.7836387653940234,A MOS - UKR | A WAR - GAL | F SEV - BLA | F STP/SC - BOT,0.7482796144442572,False,True,first_sender_order_line_after_state,RUSSIA: A MOS UKR; A WAR GAL; F SEV BLA; F STP/SC BOT,13,A MOS UKR | A WAR GAL | F SEV BLA | F STP/SC BOT,True,1.0,True,True,False,False,/workspace/latent-reservations/notebook_outputs/17_cicero_exact_dialogue_input_visibility/20260815T154340Z/data/exact_dialogue_inputs/episode_0020_RUSSIA_AUSTRIA_758d774340054a38.txt
